/*--------------------------------*- C++ -*----------------------------------*\
| =========                 |                                                 |
| \\      /  F ield         | OpenFOAM: The Open Source CFD Toolbox           |
|  \\    /   O peration     | Version:  2406                                  |
|   \\  /    A nd           | Website:  www.openfoam.com                      |
|    \\/     M anipulation  |                                                 |
\*---------------------------------------------------------------------------*/
FoamFile
{
    version     2.0;
    format      ascii;
    arch        "LSB;label=32;scalar=64";
    class       faceList;
    location    "constant/polyMesh";
    object      faces;
}
// * * * * * * * * * * * * * * * * * * * * * * * * * * * * * * * * * * * * * //


8158
(
4(194 235 1522 1481)
4(24 1481 1522 46)
4(0 1 235 194)
4(195 236 1523 1482)
4(1481 1482 1523 1522)
4(194 235 236 195)
4(196 237 1524 1483)
4(1482 1483 1524 1523)
4(195 236 237 196)
4(197 238 1525 1484)
4(1483 1484 1525 1524)
4(196 237 238 197)
4(198 239 1526 1485)
4(1484 1485 1526 1525)
4(197 238 239 198)
4(199 240 1527 1486)
4(1485 1486 1527 1526)
4(198 239 240 199)
4(200 241 1528 1487)
4(1486 1487 1528 1527)
4(199 240 241 200)
4(201 242 1529 1488)
4(1487 1488 1529 1528)
4(200 241 242 201)
4(202 243 1530 1489)
4(1488 1489 1530 1529)
4(201 242 243 202)
4(203 244 1531 1490)
4(1489 1490 1531 1530)
4(202 243 244 203)
4(204 245 1532 1491)
4(1490 1491 1532 1531)
4(203 244 245 204)
4(205 246 1533 1492)
4(1491 1492 1533 1532)
4(204 245 246 205)
4(206 247 1534 1493)
4(1492 1493 1534 1533)
4(205 246 247 206)
4(207 248 1535 1494)
4(1493 1494 1535 1534)
4(206 247 248 207)
4(208 249 1536 1495)
4(1494 1495 1536 1535)
4(207 248 249 208)
4(209 250 1537 1496)
4(1495 1496 1537 1536)
4(208 249 250 209)
4(210 251 1538 1497)
4(1496 1497 1538 1537)
4(209 250 251 210)
4(211 252 1539 1498)
4(1497 1498 1539 1538)
4(210 251 252 211)
4(212 253 1540 1499)
4(1498 1499 1540 1539)
4(211 252 253 212)
4(213 254 1541 1500)
4(1499 1500 1541 1540)
4(212 253 254 213)
4(214 255 1542 1501)
4(1500 1501 1542 1541)
4(213 254 255 214)
4(215 256 1543 1502)
4(1501 1502 1543 1542)
4(214 255 256 215)
4(216 257 1544 1503)
4(1502 1503 1544 1543)
4(215 256 257 216)
4(217 258 1545 1504)
4(1503 1504 1545 1544)
4(216 257 258 217)
4(218 259 1546 1505)
4(1504 1505 1546 1545)
4(217 258 259 218)
4(219 260 1547 1506)
4(1505 1506 1547 1546)
4(218 259 260 219)
4(220 261 1548 1507)
4(1506 1507 1548 1547)
4(219 260 261 220)
4(221 262 1549 1508)
4(1507 1508 1549 1548)
4(220 261 262 221)
4(222 263 1550 1509)
4(1508 1509 1550 1549)
4(221 262 263 222)
4(223 264 1551 1510)
4(1509 1510 1551 1550)
4(222 263 264 223)
4(224 265 1552 1511)
4(1510 1511 1552 1551)
4(223 264 265 224)
4(225 266 1553 1512)
4(1511 1512 1553 1552)
4(224 265 266 225)
4(226 267 1554 1513)
4(1512 1513 1554 1553)
4(225 266 267 226)
4(227 268 1555 1514)
4(1513 1514 1555 1554)
4(226 267 268 227)
4(228 269 1556 1515)
4(1514 1515 1556 1555)
4(227 268 269 228)
4(229 270 1557 1516)
4(1515 1516 1557 1556)
4(228 269 270 229)
4(230 271 1558 1517)
4(1516 1517 1558 1557)
4(229 270 271 230)
4(231 272 1559 1518)
4(1517 1518 1559 1558)
4(230 271 272 231)
4(232 273 1560 1519)
4(1518 1519 1560 1559)
4(231 272 273 232)
4(233 274 1561 1520)
4(1519 1520 1561 1560)
4(232 273 274 233)
4(234 275 1562 1521)
4(1520 1521 1562 1561)
4(233 274 275 234)
4(1521 171 193 1562)
4(234 275 7 6)
4(6 7 193 171)
4(1481 1522 1563 1440)
4(25 1440 1563 47)
4(1482 1523 1564 1441)
4(1440 1441 1564 1563)
4(1483 1524 1565 1442)
4(1441 1442 1565 1564)
4(1484 1525 1566 1443)
4(1442 1443 1566 1565)
4(1485 1526 1567 1444)
4(1443 1444 1567 1566)
4(1486 1527 1568 1445)
4(1444 1445 1568 1567)
4(1487 1528 1569 1446)
4(1445 1446 1569 1568)
4(1488 1529 1570 1447)
4(1446 1447 1570 1569)
4(1489 1530 1571 1448)
4(1447 1448 1571 1570)
4(1490 1531 1572 1449)
4(1448 1449 1572 1571)
4(1491 1532 1573 1450)
4(1449 1450 1573 1572)
4(1492 1533 1574 1451)
4(1450 1451 1574 1573)
4(1493 1534 1575 1452)
4(1451 1452 1575 1574)
4(1494 1535 1576 1453)
4(1452 1453 1576 1575)
4(1495 1536 1577 1454)
4(1453 1454 1577 1576)
4(1496 1537 1578 1455)
4(1454 1455 1578 1577)
4(1497 1538 1579 1456)
4(1455 1456 1579 1578)
4(1498 1539 1580 1457)
4(1456 1457 1580 1579)
4(1499 1540 1581 1458)
4(1457 1458 1581 1580)
4(1500 1541 1582 1459)
4(1458 1459 1582 1581)
4(1501 1542 1583 1460)
4(1459 1460 1583 1582)
4(1502 1543 1584 1461)
4(1460 1461 1584 1583)
4(1503 1544 1585 1462)
4(1461 1462 1585 1584)
4(1504 1545 1586 1463)
4(1462 1463 1586 1585)
4(1505 1546 1587 1464)
4(1463 1464 1587 1586)
4(1506 1547 1588 1465)
4(1464 1465 1588 1587)
4(1507 1548 1589 1466)
4(1465 1466 1589 1588)
4(1508 1549 1590 1467)
4(1466 1467 1590 1589)
4(1509 1550 1591 1468)
4(1467 1468 1591 1590)
4(1510 1551 1592 1469)
4(1468 1469 1592 1591)
4(1511 1552 1593 1470)
4(1469 1470 1593 1592)
4(1512 1553 1594 1471)
4(1470 1471 1594 1593)
4(1513 1554 1595 1472)
4(1471 1472 1595 1594)
4(1514 1555 1596 1473)
4(1472 1473 1596 1595)
4(1515 1556 1597 1474)
4(1473 1474 1597 1596)
4(1516 1557 1598 1475)
4(1474 1475 1598 1597)
4(1517 1558 1599 1476)
4(1475 1476 1599 1598)
4(1518 1559 1600 1477)
4(1476 1477 1600 1599)
4(1519 1560 1601 1478)
4(1477 1478 1601 1600)
4(1520 1561 1602 1479)
4(1478 1479 1602 1601)
4(1521 1562 1603 1480)
4(1479 1480 1603 1602)
4(1480 170 192 1603)
4(171 193 192 170)
4(1440 1563 1604 1399)
4(26 1399 1604 48)
4(1441 1564 1605 1400)
4(1399 1400 1605 1604)
4(1442 1565 1606 1401)
4(1400 1401 1606 1605)
4(1443 1566 1607 1402)
4(1401 1402 1607 1606)
4(1444 1567 1608 1403)
4(1402 1403 1608 1607)
4(1445 1568 1609 1404)
4(1403 1404 1609 1608)
4(1446 1569 1610 1405)
4(1404 1405 1610 1609)
4(1447 1570 1611 1406)
4(1405 1406 1611 1610)
4(1448 1571 1612 1407)
4(1406 1407 1612 1611)
4(1449 1572 1613 1408)
4(1407 1408 1613 1612)
4(1450 1573 1614 1409)
4(1408 1409 1614 1613)
4(1451 1574 1615 1410)
4(1409 1410 1615 1614)
4(1452 1575 1616 1411)
4(1410 1411 1616 1615)
4(1453 1576 1617 1412)
4(1411 1412 1617 1616)
4(1454 1577 1618 1413)
4(1412 1413 1618 1617)
4(1455 1578 1619 1414)
4(1413 1414 1619 1618)
4(1456 1579 1620 1415)
4(1414 1415 1620 1619)
4(1457 1580 1621 1416)
4(1415 1416 1621 1620)
4(1458 1581 1622 1417)
4(1416 1417 1622 1621)
4(1459 1582 1623 1418)
4(1417 1418 1623 1622)
4(1460 1583 1624 1419)
4(1418 1419 1624 1623)
4(1461 1584 1625 1420)
4(1419 1420 1625 1624)
4(1462 1585 1626 1421)
4(1420 1421 1626 1625)
4(1463 1586 1627 1422)
4(1421 1422 1627 1626)
4(1464 1587 1628 1423)
4(1422 1423 1628 1627)
4(1465 1588 1629 1424)
4(1423 1424 1629 1628)
4(1466 1589 1630 1425)
4(1424 1425 1630 1629)
4(1467 1590 1631 1426)
4(1425 1426 1631 1630)
4(1468 1591 1632 1427)
4(1426 1427 1632 1631)
4(1469 1592 1633 1428)
4(1427 1428 1633 1632)
4(1470 1593 1634 1429)
4(1428 1429 1634 1633)
4(1471 1594 1635 1430)
4(1429 1430 1635 1634)
4(1472 1595 1636 1431)
4(1430 1431 1636 1635)
4(1473 1596 1637 1432)
4(1431 1432 1637 1636)
4(1474 1597 1638 1433)
4(1432 1433 1638 1637)
4(1475 1598 1639 1434)
4(1433 1434 1639 1638)
4(1476 1599 1640 1435)
4(1434 1435 1640 1639)
4(1477 1600 1641 1436)
4(1435 1436 1641 1640)
4(1478 1601 1642 1437)
4(1436 1437 1642 1641)
4(1479 1602 1643 1438)
4(1437 1438 1643 1642)
4(1480 1603 1644 1439)
4(1438 1439 1644 1643)
4(1439 169 191 1644)
4(170 192 191 169)
4(1399 1604 1645 1358)
4(27 1358 1645 49)
4(1400 1605 1646 1359)
4(1358 1359 1646 1645)
4(1401 1606 1647 1360)
4(1359 1360 1647 1646)
4(1402 1607 1648 1361)
4(1360 1361 1648 1647)
4(1403 1608 1649 1362)
4(1361 1362 1649 1648)
4(1404 1609 1650 1363)
4(1362 1363 1650 1649)
4(1405 1610 1651 1364)
4(1363 1364 1651 1650)
4(1406 1611 1652 1365)
4(1364 1365 1652 1651)
4(1407 1612 1653 1366)
4(1365 1366 1653 1652)
4(1408 1613 1654 1367)
4(1366 1367 1654 1653)
4(1409 1614 1655 1368)
4(1367 1368 1655 1654)
4(1410 1615 1656 1369)
4(1368 1369 1656 1655)
4(1411 1616 1657 1370)
4(1369 1370 1657 1656)
4(1412 1617 1658 1371)
4(1370 1371 1658 1657)
4(1413 1618 1659 1372)
4(1371 1372 1659 1658)
4(1414 1619 1660 1373)
4(1372 1373 1660 1659)
4(1415 1620 1661 1374)
4(1373 1374 1661 1660)
4(1416 1621 1662 1375)
4(1374 1375 1662 1661)
4(1417 1622 1663 1376)
4(1375 1376 1663 1662)
4(1418 1623 1664 1377)
4(1376 1377 1664 1663)
4(1419 1624 1665 1378)
4(1377 1378 1665 1664)
4(1420 1625 1666 1379)
4(1378 1379 1666 1665)
4(1421 1626 1667 1380)
4(1379 1380 1667 1666)
4(1422 1627 1668 1381)
4(1380 1381 1668 1667)
4(1423 1628 1669 1382)
4(1381 1382 1669 1668)
4(1424 1629 1670 1383)
4(1382 1383 1670 1669)
4(1425 1630 1671 1384)
4(1383 1384 1671 1670)
4(1426 1631 1672 1385)
4(1384 1385 1672 1671)
4(1427 1632 1673 1386)
4(1385 1386 1673 1672)
4(1428 1633 1674 1387)
4(1386 1387 1674 1673)
4(1429 1634 1675 1388)
4(1387 1388 1675 1674)
4(1430 1635 1676 1389)
4(1388 1389 1676 1675)
4(1431 1636 1677 1390)
4(1389 1390 1677 1676)
4(1432 1637 1678 1391)
4(1390 1391 1678 1677)
4(1433 1638 1679 1392)
4(1391 1392 1679 1678)
4(1434 1639 1680 1393)
4(1392 1393 1680 1679)
4(1435 1640 1681 1394)
4(1393 1394 1681 1680)
4(1436 1641 1682 1395)
4(1394 1395 1682 1681)
4(1437 1642 1683 1396)
4(1395 1396 1683 1682)
4(1438 1643 1684 1397)
4(1396 1397 1684 1683)
4(1439 1644 1685 1398)
4(1397 1398 1685 1684)
4(1398 168 190 1685)
4(169 191 190 168)
4(1358 1645 1686 1317)
4(28 1317 1686 50)
4(1359 1646 1687 1318)
4(1317 1318 1687 1686)
4(1360 1647 1688 1319)
4(1318 1319 1688 1687)
4(1361 1648 1689 1320)
4(1319 1320 1689 1688)
4(1362 1649 1690 1321)
4(1320 1321 1690 1689)
4(1363 1650 1691 1322)
4(1321 1322 1691 1690)
4(1364 1651 1692 1323)
4(1322 1323 1692 1691)
4(1365 1652 1693 1324)
4(1323 1324 1693 1692)
4(1366 1653 1694 1325)
4(1324 1325 1694 1693)
4(1367 1654 1695 1326)
4(1325 1326 1695 1694)
4(1368 1655 1696 1327)
4(1326 1327 1696 1695)
4(1369 1656 1697 1328)
4(1327 1328 1697 1696)
4(1370 1657 1698 1329)
4(1328 1329 1698 1697)
4(1371 1658 1699 1330)
4(1329 1330 1699 1698)
4(1372 1659 1700 1331)
4(1330 1331 1700 1699)
4(1373 1660 1701 1332)
4(1331 1332 1701 1700)
4(1374 1661 1702 1333)
4(1332 1333 1702 1701)
4(1375 1662 1703 1334)
4(1333 1334 1703 1702)
4(1376 1663 1704 1335)
4(1334 1335 1704 1703)
4(1377 1664 1705 1336)
4(1335 1336 1705 1704)
4(1378 1665 1706 1337)
4(1336 1337 1706 1705)
4(1379 1666 1707 1338)
4(1337 1338 1707 1706)
4(1380 1667 1708 1339)
4(1338 1339 1708 1707)
4(1381 1668 1709 1340)
4(1339 1340 1709 1708)
4(1382 1669 1710 1341)
4(1340 1341 1710 1709)
4(1383 1670 1711 1342)
4(1341 1342 1711 1710)
4(1384 1671 1712 1343)
4(1342 1343 1712 1711)
4(1385 1672 1713 1344)
4(1343 1344 1713 1712)
4(1386 1673 1714 1345)
4(1344 1345 1714 1713)
4(1387 1674 1715 1346)
4(1345 1346 1715 1714)
4(1388 1675 1716 1347)
4(1346 1347 1716 1715)
4(1389 1676 1717 1348)
4(1347 1348 1717 1716)
4(1390 1677 1718 1349)
4(1348 1349 1718 1717)
4(1391 1678 1719 1350)
4(1349 1350 1719 1718)
4(1392 1679 1720 1351)
4(1350 1351 1720 1719)
4(1393 1680 1721 1352)
4(1351 1352 1721 1720)
4(1394 1681 1722 1353)
4(1352 1353 1722 1721)
4(1395 1682 1723 1354)
4(1353 1354 1723 1722)
4(1396 1683 1724 1355)
4(1354 1355 1724 1723)
4(1397 1684 1725 1356)
4(1355 1356 1725 1724)
4(1398 1685 1726 1357)
4(1356 1357 1726 1725)
4(1357 167 189 1726)
4(168 190 189 167)
4(1317 1686 1727 1276)
4(29 1276 1727 51)
4(1318 1687 1728 1277)
4(1276 1277 1728 1727)
4(1319 1688 1729 1278)
4(1277 1278 1729 1728)
4(1320 1689 1730 1279)
4(1278 1279 1730 1729)
4(1321 1690 1731 1280)
4(1279 1280 1731 1730)
4(1322 1691 1732 1281)
4(1280 1281 1732 1731)
4(1323 1692 1733 1282)
4(1281 1282 1733 1732)
4(1324 1693 1734 1283)
4(1282 1283 1734 1733)
4(1325 1694 1735 1284)
4(1283 1284 1735 1734)
4(1326 1695 1736 1285)
4(1284 1285 1736 1735)
4(1327 1696 1737 1286)
4(1285 1286 1737 1736)
4(1328 1697 1738 1287)
4(1286 1287 1738 1737)
4(1329 1698 1739 1288)
4(1287 1288 1739 1738)
4(1330 1699 1740 1289)
4(1288 1289 1740 1739)
4(1331 1700 1741 1290)
4(1289 1290 1741 1740)
4(1332 1701 1742 1291)
4(1290 1291 1742 1741)
4(1333 1702 1743 1292)
4(1291 1292 1743 1742)
4(1334 1703 1744 1293)
4(1292 1293 1744 1743)
4(1335 1704 1745 1294)
4(1293 1294 1745 1744)
4(1336 1705 1746 1295)
4(1294 1295 1746 1745)
4(1337 1706 1747 1296)
4(1295 1296 1747 1746)
4(1338 1707 1748 1297)
4(1296 1297 1748 1747)
4(1339 1708 1749 1298)
4(1297 1298 1749 1748)
4(1340 1709 1750 1299)
4(1298 1299 1750 1749)
4(1341 1710 1751 1300)
4(1299 1300 1751 1750)
4(1342 1711 1752 1301)
4(1300 1301 1752 1751)
4(1343 1712 1753 1302)
4(1301 1302 1753 1752)
4(1344 1713 1754 1303)
4(1302 1303 1754 1753)
4(1345 1714 1755 1304)
4(1303 1304 1755 1754)
4(1346 1715 1756 1305)
4(1304 1305 1756 1755)
4(1347 1716 1757 1306)
4(1305 1306 1757 1756)
4(1348 1717 1758 1307)
4(1306 1307 1758 1757)
4(1349 1718 1759 1308)
4(1307 1308 1759 1758)
4(1350 1719 1760 1309)
4(1308 1309 1760 1759)
4(1351 1720 1761 1310)
4(1309 1310 1761 1760)
4(1352 1721 1762 1311)
4(1310 1311 1762 1761)
4(1353 1722 1763 1312)
4(1311 1312 1763 1762)
4(1354 1723 1764 1313)
4(1312 1313 1764 1763)
4(1355 1724 1765 1314)
4(1313 1314 1765 1764)
4(1356 1725 1766 1315)
4(1314 1315 1766 1765)
4(1357 1726 1767 1316)
4(1315 1316 1767 1766)
4(1316 166 188 1767)
4(167 189 188 166)
4(1276 1727 1768 1235)
4(30 1235 1768 52)
4(1277 1728 1769 1236)
4(1235 1236 1769 1768)
4(1278 1729 1770 1237)
4(1236 1237 1770 1769)
4(1279 1730 1771 1238)
4(1237 1238 1771 1770)
4(1280 1731 1772 1239)
4(1238 1239 1772 1771)
4(1281 1732 1773 1240)
4(1239 1240 1773 1772)
4(1282 1733 1774 1241)
4(1240 1241 1774 1773)
4(1283 1734 1775 1242)
4(1241 1242 1775 1774)
4(1284 1735 1776 1243)
4(1242 1243 1776 1775)
4(1285 1736 1777 1244)
4(1243 1244 1777 1776)
4(1286 1737 1778 1245)
4(1244 1245 1778 1777)
4(1287 1738 1779 1246)
4(1245 1246 1779 1778)
4(1288 1739 1780 1247)
4(1246 1247 1780 1779)
4(1289 1740 1781 1248)
4(1247 1248 1781 1780)
4(1290 1741 1782 1249)
4(1248 1249 1782 1781)
4(1291 1742 1783 1250)
4(1249 1250 1783 1782)
4(1292 1743 1784 1251)
4(1250 1251 1784 1783)
4(1293 1744 1785 1252)
4(1251 1252 1785 1784)
4(1294 1745 1786 1253)
4(1252 1253 1786 1785)
4(1295 1746 1787 1254)
4(1253 1254 1787 1786)
4(1296 1747 1788 1255)
4(1254 1255 1788 1787)
4(1297 1748 1789 1256)
4(1255 1256 1789 1788)
4(1298 1749 1790 1257)
4(1256 1257 1790 1789)
4(1299 1750 1791 1258)
4(1257 1258 1791 1790)
4(1300 1751 1792 1259)
4(1258 1259 1792 1791)
4(1301 1752 1793 1260)
4(1259 1260 1793 1792)
4(1302 1753 1794 1261)
4(1260 1261 1794 1793)
4(1303 1754 1795 1262)
4(1261 1262 1795 1794)
4(1304 1755 1796 1263)
4(1262 1263 1796 1795)
4(1305 1756 1797 1264)
4(1263 1264 1797 1796)
4(1306 1757 1798 1265)
4(1264 1265 1798 1797)
4(1307 1758 1799 1266)
4(1265 1266 1799 1798)
4(1308 1759 1800 1267)
4(1266 1267 1800 1799)
4(1309 1760 1801 1268)
4(1267 1268 1801 1800)
4(1310 1761 1802 1269)
4(1268 1269 1802 1801)
4(1311 1762 1803 1270)
4(1269 1270 1803 1802)
4(1312 1763 1804 1271)
4(1270 1271 1804 1803)
4(1313 1764 1805 1272)
4(1271 1272 1805 1804)
4(1314 1765 1806 1273)
4(1272 1273 1806 1805)
4(1315 1766 1807 1274)
4(1273 1274 1807 1806)
4(1316 1767 1808 1275)
4(1274 1275 1808 1807)
4(1275 165 187 1808)
4(166 188 187 165)
4(1235 1768 1809 1194)
4(31 1194 1809 53)
4(1236 1769 1810 1195)
4(1194 1195 1810 1809)
4(1237 1770 1811 1196)
4(1195 1196 1811 1810)
4(1238 1771 1812 1197)
4(1196 1197 1812 1811)
4(1239 1772 1813 1198)
4(1197 1198 1813 1812)
4(1240 1773 1814 1199)
4(1198 1199 1814 1813)
4(1241 1774 1815 1200)
4(1199 1200 1815 1814)
4(1242 1775 1816 1201)
4(1200 1201 1816 1815)
4(1243 1776 1817 1202)
4(1201 1202 1817 1816)
4(1244 1777 1818 1203)
4(1202 1203 1818 1817)
4(1245 1778 1819 1204)
4(1203 1204 1819 1818)
4(1246 1779 1820 1205)
4(1204 1205 1820 1819)
4(1247 1780 1821 1206)
4(1205 1206 1821 1820)
4(1248 1781 1822 1207)
4(1206 1207 1822 1821)
4(1249 1782 1823 1208)
4(1207 1208 1823 1822)
4(1250 1783 1824 1209)
4(1208 1209 1824 1823)
4(1251 1784 1825 1210)
4(1209 1210 1825 1824)
4(1252 1785 1826 1211)
4(1210 1211 1826 1825)
4(1253 1786 1827 1212)
4(1211 1212 1827 1826)
4(1254 1787 1828 1213)
4(1212 1213 1828 1827)
4(1255 1788 1829 1214)
4(1213 1214 1829 1828)
4(1256 1789 1830 1215)
4(1214 1215 1830 1829)
4(1257 1790 1831 1216)
4(1215 1216 1831 1830)
4(1258 1791 1832 1217)
4(1216 1217 1832 1831)
4(1259 1792 1833 1218)
4(1217 1218 1833 1832)
4(1260 1793 1834 1219)
4(1218 1219 1834 1833)
4(1261 1794 1835 1220)
4(1219 1220 1835 1834)
4(1262 1795 1836 1221)
4(1220 1221 1836 1835)
4(1263 1796 1837 1222)
4(1221 1222 1837 1836)
4(1264 1797 1838 1223)
4(1222 1223 1838 1837)
4(1265 1798 1839 1224)
4(1223 1224 1839 1838)
4(1266 1799 1840 1225)
4(1224 1225 1840 1839)
4(1267 1800 1841 1226)
4(1225 1226 1841 1840)
4(1268 1801 1842 1227)
4(1226 1227 1842 1841)
4(1269 1802 1843 1228)
4(1227 1228 1843 1842)
4(1270 1803 1844 1229)
4(1228 1229 1844 1843)
4(1271 1804 1845 1230)
4(1229 1230 1845 1844)
4(1272 1805 1846 1231)
4(1230 1231 1846 1845)
4(1273 1806 1847 1232)
4(1231 1232 1847 1846)
4(1274 1807 1848 1233)
4(1232 1233 1848 1847)
4(1275 1808 1849 1234)
4(1233 1234 1849 1848)
4(1234 164 186 1849)
4(165 187 186 164)
4(1194 1809 1850 1153)
4(32 1153 1850 54)
4(1195 1810 1851 1154)
4(1153 1154 1851 1850)
4(1196 1811 1852 1155)
4(1154 1155 1852 1851)
4(1197 1812 1853 1156)
4(1155 1156 1853 1852)
4(1198 1813 1854 1157)
4(1156 1157 1854 1853)
4(1199 1814 1855 1158)
4(1157 1158 1855 1854)
4(1200 1815 1856 1159)
4(1158 1159 1856 1855)
4(1201 1816 1857 1160)
4(1159 1160 1857 1856)
4(1202 1817 1858 1161)
4(1160 1161 1858 1857)
4(1203 1818 1859 1162)
4(1161 1162 1859 1858)
4(1204 1819 1860 1163)
4(1162 1163 1860 1859)
4(1205 1820 1861 1164)
4(1163 1164 1861 1860)
4(1206 1821 1862 1165)
4(1164 1165 1862 1861)
4(1207 1822 1863 1166)
4(1165 1166 1863 1862)
4(1208 1823 1864 1167)
4(1166 1167 1864 1863)
4(1209 1824 1865 1168)
4(1167 1168 1865 1864)
4(1210 1825 1866 1169)
4(1168 1169 1866 1865)
4(1211 1826 1867 1170)
4(1169 1170 1867 1866)
4(1212 1827 1868 1171)
4(1170 1171 1868 1867)
4(1213 1828 1869 1172)
4(1171 1172 1869 1868)
4(1214 1829 1870 1173)
4(1172 1173 1870 1869)
4(1215 1830 1871 1174)
4(1173 1174 1871 1870)
4(1216 1831 1872 1175)
4(1174 1175 1872 1871)
4(1217 1832 1873 1176)
4(1175 1176 1873 1872)
4(1218 1833 1874 1177)
4(1176 1177 1874 1873)
4(1219 1834 1875 1178)
4(1177 1178 1875 1874)
4(1220 1835 1876 1179)
4(1178 1179 1876 1875)
4(1221 1836 1877 1180)
4(1179 1180 1877 1876)
4(1222 1837 1878 1181)
4(1180 1181 1878 1877)
4(1223 1838 1879 1182)
4(1181 1182 1879 1878)
4(1224 1839 1880 1183)
4(1182 1183 1880 1879)
4(1225 1840 1881 1184)
4(1183 1184 1881 1880)
4(1226 1841 1882 1185)
4(1184 1185 1882 1881)
4(1227 1842 1883 1186)
4(1185 1186 1883 1882)
4(1228 1843 1884 1187)
4(1186 1187 1884 1883)
4(1229 1844 1885 1188)
4(1187 1188 1885 1884)
4(1230 1845 1886 1189)
4(1188 1189 1886 1885)
4(1231 1846 1887 1190)
4(1189 1190 1887 1886)
4(1232 1847 1888 1191)
4(1190 1191 1888 1887)
4(1233 1848 1889 1192)
4(1191 1192 1889 1888)
4(1234 1849 1890 1193)
4(1192 1193 1890 1889)
4(1193 163 185 1890)
4(164 186 185 163)
4(1153 1850 1891 1112)
4(33 1112 1891 55)
4(1154 1851 1892 1113)
4(1112 1113 1892 1891)
4(1155 1852 1893 1114)
4(1113 1114 1893 1892)
4(1156 1853 1894 1115)
4(1114 1115 1894 1893)
4(1157 1854 1895 1116)
4(1115 1116 1895 1894)
4(1158 1855 1896 1117)
4(1116 1117 1896 1895)
4(1159 1856 1897 1118)
4(1117 1118 1897 1896)
4(1160 1857 1898 1119)
4(1118 1119 1898 1897)
4(1161 1858 1899 1120)
4(1119 1120 1899 1898)
4(1162 1859 1900 1121)
4(1120 1121 1900 1899)
4(1163 1860 1901 1122)
4(1121 1122 1901 1900)
4(1164 1861 1902 1123)
4(1122 1123 1902 1901)
4(1165 1862 1903 1124)
4(1123 1124 1903 1902)
4(1166 1863 1904 1125)
4(1124 1125 1904 1903)
4(1167 1864 1905 1126)
4(1125 1126 1905 1904)
4(1168 1865 1906 1127)
4(1126 1127 1906 1905)
4(1169 1866 1907 1128)
4(1127 1128 1907 1906)
4(1170 1867 1908 1129)
4(1128 1129 1908 1907)
4(1171 1868 1909 1130)
4(1129 1130 1909 1908)
4(1172 1869 1910 1131)
4(1130 1131 1910 1909)
4(1173 1870 1911 1132)
4(1131 1132 1911 1910)
4(1174 1871 1912 1133)
4(1132 1133 1912 1911)
4(1175 1872 1913 1134)
4(1133 1134 1913 1912)
4(1176 1873 1914 1135)
4(1134 1135 1914 1913)
4(1177 1874 1915 1136)
4(1135 1136 1915 1914)
4(1178 1875 1916 1137)
4(1136 1137 1916 1915)
4(1179 1876 1917 1138)
4(1137 1138 1917 1916)
4(1180 1877 1918 1139)
4(1138 1139 1918 1917)
4(1181 1878 1919 1140)
4(1139 1140 1919 1918)
4(1182 1879 1920 1141)
4(1140 1141 1920 1919)
4(1183 1880 1921 1142)
4(1141 1142 1921 1920)
4(1184 1881 1922 1143)
4(1142 1143 1922 1921)
4(1185 1882 1923 1144)
4(1143 1144 1923 1922)
4(1186 1883 1924 1145)
4(1144 1145 1924 1923)
4(1187 1884 1925 1146)
4(1145 1146 1925 1924)
4(1188 1885 1926 1147)
4(1146 1147 1926 1925)
4(1189 1886 1927 1148)
4(1147 1148 1927 1926)
4(1190 1887 1928 1149)
4(1148 1149 1928 1927)
4(1191 1888 1929 1150)
4(1149 1150 1929 1928)
4(1192 1889 1930 1151)
4(1150 1151 1930 1929)
4(1193 1890 1931 1152)
4(1151 1152 1931 1930)
4(1152 162 184 1931)
4(163 185 184 162)
4(1112 1891 1932 1071)
4(34 1071 1932 56)
4(1113 1892 1933 1072)
4(1071 1072 1933 1932)
4(1114 1893 1934 1073)
4(1072 1073 1934 1933)
4(1115 1894 1935 1074)
4(1073 1074 1935 1934)
4(1116 1895 1936 1075)
4(1074 1075 1936 1935)
4(1117 1896 1937 1076)
4(1075 1076 1937 1936)
4(1118 1897 1938 1077)
4(1076 1077 1938 1937)
4(1119 1898 1939 1078)
4(1077 1078 1939 1938)
4(1120 1899 1940 1079)
4(1078 1079 1940 1939)
4(1121 1900 1941 1080)
4(1079 1080 1941 1940)
4(1122 1901 1942 1081)
4(1080 1081 1942 1941)
4(1123 1902 1943 1082)
4(1081 1082 1943 1942)
4(1124 1903 1944 1083)
4(1082 1083 1944 1943)
4(1125 1904 1945 1084)
4(1083 1084 1945 1944)
4(1126 1905 1946 1085)
4(1084 1085 1946 1945)
4(1127 1906 1947 1086)
4(1085 1086 1947 1946)
4(1128 1907 1948 1087)
4(1086 1087 1948 1947)
4(1129 1908 1949 1088)
4(1087 1088 1949 1948)
4(1130 1909 1950 1089)
4(1088 1089 1950 1949)
4(1131 1910 1951 1090)
4(1089 1090 1951 1950)
4(1132 1911 1952 1091)
4(1090 1091 1952 1951)
4(1133 1912 1953 1092)
4(1091 1092 1953 1952)
4(1134 1913 1954 1093)
4(1092 1093 1954 1953)
4(1135 1914 1955 1094)
4(1093 1094 1955 1954)
4(1136 1915 1956 1095)
4(1094 1095 1956 1955)
4(1137 1916 1957 1096)
4(1095 1096 1957 1956)
4(1138 1917 1958 1097)
4(1096 1097 1958 1957)
4(1139 1918 1959 1098)
4(1097 1098 1959 1958)
4(1140 1919 1960 1099)
4(1098 1099 1960 1959)
4(1141 1920 1961 1100)
4(1099 1100 1961 1960)
4(1142 1921 1962 1101)
4(1100 1101 1962 1961)
4(1143 1922 1963 1102)
4(1101 1102 1963 1962)
4(1144 1923 1964 1103)
4(1102 1103 1964 1963)
4(1145 1924 1965 1104)
4(1103 1104 1965 1964)
4(1146 1925 1966 1105)
4(1104 1105 1966 1965)
4(1147 1926 1967 1106)
4(1105 1106 1967 1966)
4(1148 1927 1968 1107)
4(1106 1107 1968 1967)
4(1149 1928 1969 1108)
4(1107 1108 1969 1968)
4(1150 1929 1970 1109)
4(1108 1109 1970 1969)
4(1151 1930 1971 1110)
4(1109 1110 1971 1970)
4(1152 1931 1972 1111)
4(1110 1111 1972 1971)
4(1111 161 183 1972)
4(162 184 183 161)
4(1071 1932 1973 1030)
4(35 1030 1973 57)
4(1072 1933 1974 1031)
4(1030 1031 1974 1973)
4(1073 1934 1975 1032)
4(1031 1032 1975 1974)
4(1074 1935 1976 1033)
4(1032 1033 1976 1975)
4(1075 1936 1977 1034)
4(1033 1034 1977 1976)
4(1076 1937 1978 1035)
4(1034 1035 1978 1977)
4(1077 1938 1979 1036)
4(1035 1036 1979 1978)
4(1078 1939 1980 1037)
4(1036 1037 1980 1979)
4(1079 1940 1981 1038)
4(1037 1038 1981 1980)
4(1080 1941 1982 1039)
4(1038 1039 1982 1981)
4(1081 1942 1983 1040)
4(1039 1040 1983 1982)
4(1082 1943 1984 1041)
4(1040 1041 1984 1983)
4(1083 1944 1985 1042)
4(1041 1042 1985 1984)
4(1084 1945 1986 1043)
4(1042 1043 1986 1985)
4(1085 1946 1987 1044)
4(1043 1044 1987 1986)
4(1086 1947 1988 1045)
4(1044 1045 1988 1987)
4(1087 1948 1989 1046)
4(1045 1046 1989 1988)
4(1088 1949 1990 1047)
4(1046 1047 1990 1989)
4(1089 1950 1991 1048)
4(1047 1048 1991 1990)
4(1090 1951 1992 1049)
4(1048 1049 1992 1991)
4(1091 1952 1993 1050)
4(1049 1050 1993 1992)
4(1092 1953 1994 1051)
4(1050 1051 1994 1993)
4(1093 1954 1995 1052)
4(1051 1052 1995 1994)
4(1094 1955 1996 1053)
4(1052 1053 1996 1995)
4(1095 1956 1997 1054)
4(1053 1054 1997 1996)
4(1096 1957 1998 1055)
4(1054 1055 1998 1997)
4(1097 1958 1999 1056)
4(1055 1056 1999 1998)
4(1098 1959 2000 1057)
4(1056 1057 2000 1999)
4(1099 1960 2001 1058)
4(1057 1058 2001 2000)
4(1100 1961 2002 1059)
4(1058 1059 2002 2001)
4(1101 1962 2003 1060)
4(1059 1060 2003 2002)
4(1102 1963 2004 1061)
4(1060 1061 2004 2003)
4(1103 1964 2005 1062)
4(1061 1062 2005 2004)
4(1104 1965 2006 1063)
4(1062 1063 2006 2005)
4(1105 1966 2007 1064)
4(1063 1064 2007 2006)
4(1106 1967 2008 1065)
4(1064 1065 2008 2007)
4(1107 1968 2009 1066)
4(1065 1066 2009 2008)
4(1108 1969 2010 1067)
4(1066 1067 2010 2009)
4(1109 1970 2011 1068)
4(1067 1068 2011 2010)
4(1110 1971 2012 1069)
4(1068 1069 2012 2011)
4(1111 1972 2013 1070)
4(1069 1070 2013 2012)
4(1070 160 182 2013)
4(161 183 182 160)
4(1030 1973 2014 989)
4(36 989 2014 58)
4(1031 1974 2015 990)
4(989 990 2015 2014)
4(1032 1975 2016 991)
4(990 991 2016 2015)
4(1033 1976 2017 992)
4(991 992 2017 2016)
4(1034 1977 2018 993)
4(992 993 2018 2017)
4(1035 1978 2019 994)
4(993 994 2019 2018)
4(1036 1979 2020 995)
4(994 995 2020 2019)
4(1037 1980 2021 996)
4(995 996 2021 2020)
4(1038 1981 2022 997)
4(996 997 2022 2021)
4(1039 1982 2023 998)
4(997 998 2023 2022)
4(1040 1983 2024 999)
4(998 999 2024 2023)
4(1041 1984 2025 1000)
4(999 1000 2025 2024)
4(1042 1985 2026 1001)
4(1000 1001 2026 2025)
4(1043 1986 2027 1002)
4(1001 1002 2027 2026)
4(1044 1987 2028 1003)
4(1002 1003 2028 2027)
4(1045 1988 2029 1004)
4(1003 1004 2029 2028)
4(1046 1989 2030 1005)
4(1004 1005 2030 2029)
4(1047 1990 2031 1006)
4(1005 1006 2031 2030)
4(1048 1991 2032 1007)
4(1006 1007 2032 2031)
4(1049 1992 2033 1008)
4(1007 1008 2033 2032)
4(1050 1993 2034 1009)
4(1008 1009 2034 2033)
4(1051 1994 2035 1010)
4(1009 1010 2035 2034)
4(1052 1995 2036 1011)
4(1010 1011 2036 2035)
4(1053 1996 2037 1012)
4(1011 1012 2037 2036)
4(1054 1997 2038 1013)
4(1012 1013 2038 2037)
4(1055 1998 2039 1014)
4(1013 1014 2039 2038)
4(1056 1999 2040 1015)
4(1014 1015 2040 2039)
4(1057 2000 2041 1016)
4(1015 1016 2041 2040)
4(1058 2001 2042 1017)
4(1016 1017 2042 2041)
4(1059 2002 2043 1018)
4(1017 1018 2043 2042)
4(1060 2003 2044 1019)
4(1018 1019 2044 2043)
4(1061 2004 2045 1020)
4(1019 1020 2045 2044)
4(1062 2005 2046 1021)
4(1020 1021 2046 2045)
4(1063 2006 2047 1022)
4(1021 1022 2047 2046)
4(1064 2007 2048 1023)
4(1022 1023 2048 2047)
4(1065 2008 2049 1024)
4(1023 1024 2049 2048)
4(1066 2009 2050 1025)
4(1024 1025 2050 2049)
4(1067 2010 2051 1026)
4(1025 1026 2051 2050)
4(1068 2011 2052 1027)
4(1026 1027 2052 2051)
4(1069 2012 2053 1028)
4(1027 1028 2053 2052)
4(1070 2013 2054 1029)
4(1028 1029 2054 2053)
4(1029 159 181 2054)
4(160 182 181 159)
4(989 2014 2055 948)
4(37 948 2055 59)
4(990 2015 2056 949)
4(948 949 2056 2055)
4(991 2016 2057 950)
4(949 950 2057 2056)
4(992 2017 2058 951)
4(950 951 2058 2057)
4(993 2018 2059 952)
4(951 952 2059 2058)
4(994 2019 2060 953)
4(952 953 2060 2059)
4(995 2020 2061 954)
4(953 954 2061 2060)
4(996 2021 2062 955)
4(954 955 2062 2061)
4(997 2022 2063 956)
4(955 956 2063 2062)
4(998 2023 2064 957)
4(956 957 2064 2063)
4(999 2024 2065 958)
4(957 958 2065 2064)
4(1000 2025 2066 959)
4(958 959 2066 2065)
4(1001 2026 2067 960)
4(959 960 2067 2066)
4(1002 2027 2068 961)
4(960 961 2068 2067)
4(1003 2028 2069 962)
4(961 962 2069 2068)
4(1004 2029 2070 963)
4(962 963 2070 2069)
4(1005 2030 2071 964)
4(963 964 2071 2070)
4(1006 2031 2072 965)
4(964 965 2072 2071)
4(1007 2032 2073 966)
4(965 966 2073 2072)
4(1008 2033 2074 967)
4(966 967 2074 2073)
4(1009 2034 2075 968)
4(967 968 2075 2074)
4(1010 2035 2076 969)
4(968 969 2076 2075)
4(1011 2036 2077 970)
4(969 970 2077 2076)
4(1012 2037 2078 971)
4(970 971 2078 2077)
4(1013 2038 2079 972)
4(971 972 2079 2078)
4(1014 2039 2080 973)
4(972 973 2080 2079)
4(1015 2040 2081 974)
4(973 974 2081 2080)
4(1016 2041 2082 975)
4(974 975 2082 2081)
4(1017 2042 2083 976)
4(975 976 2083 2082)
4(1018 2043 2084 977)
4(976 977 2084 2083)
4(1019 2044 2085 978)
4(977 978 2085 2084)
4(1020 2045 2086 979)
4(978 979 2086 2085)
4(1021 2046 2087 980)
4(979 980 2087 2086)
4(1022 2047 2088 981)
4(980 981 2088 2087)
4(1023 2048 2089 982)
4(981 982 2089 2088)
4(1024 2049 2090 983)
4(982 983 2090 2089)
4(1025 2050 2091 984)
4(983 984 2091 2090)
4(1026 2051 2092 985)
4(984 985 2092 2091)
4(1027 2052 2093 986)
4(985 986 2093 2092)
4(1028 2053 2094 987)
4(986 987 2094 2093)
4(1029 2054 2095 988)
4(987 988 2095 2094)
4(988 158 180 2095)
4(159 181 180 158)
4(948 2055 2096 907)
4(38 907 2096 60)
4(949 2056 2097 908)
4(907 908 2097 2096)
4(950 2057 2098 909)
4(908 909 2098 2097)
4(951 2058 2099 910)
4(909 910 2099 2098)
4(952 2059 2100 911)
4(910 911 2100 2099)
4(953 2060 2101 912)
4(911 912 2101 2100)
4(954 2061 2102 913)
4(912 913 2102 2101)
4(955 2062 2103 914)
4(913 914 2103 2102)
4(956 2063 2104 915)
4(914 915 2104 2103)
4(957 2064 2105 916)
4(915 916 2105 2104)
4(958 2065 2106 917)
4(916 917 2106 2105)
4(959 2066 2107 918)
4(917 918 2107 2106)
4(960 2067 2108 919)
4(918 919 2108 2107)
4(961 2068 2109 920)
4(919 920 2109 2108)
4(962 2069 2110 921)
4(920 921 2110 2109)
4(963 2070 2111 922)
4(921 922 2111 2110)
4(964 2071 2112 923)
4(922 923 2112 2111)
4(965 2072 2113 924)
4(923 924 2113 2112)
4(966 2073 2114 925)
4(924 925 2114 2113)
4(967 2074 2115 926)
4(925 926 2115 2114)
4(968 2075 2116 927)
4(926 927 2116 2115)
4(969 2076 2117 928)
4(927 928 2117 2116)
4(970 2077 2118 929)
4(928 929 2118 2117)
4(971 2078 2119 930)
4(929 930 2119 2118)
4(972 2079 2120 931)
4(930 931 2120 2119)
4(973 2080 2121 932)
4(931 932 2121 2120)
4(974 2081 2122 933)
4(932 933 2122 2121)
4(975 2082 2123 934)
4(933 934 2123 2122)
4(976 2083 2124 935)
4(934 935 2124 2123)
4(977 2084 2125 936)
4(935 936 2125 2124)
4(978 2085 2126 937)
4(936 937 2126 2125)
4(979 2086 2127 938)
4(937 938 2127 2126)
4(980 2087 2128 939)
4(938 939 2128 2127)
4(981 2088 2129 940)
4(939 940 2129 2128)
4(982 2089 2130 941)
4(940 941 2130 2129)
4(983 2090 2131 942)
4(941 942 2131 2130)
4(984 2091 2132 943)
4(942 943 2132 2131)
4(985 2092 2133 944)
4(943 944 2133 2132)
4(986 2093 2134 945)
4(944 945 2134 2133)
4(987 2094 2135 946)
4(945 946 2135 2134)
4(988 2095 2136 947)
4(946 947 2136 2135)
4(947 157 179 2136)
4(158 180 179 157)
4(907 2096 2137 866)
4(39 866 2137 61)
4(908 2097 2138 867)
4(866 867 2138 2137)
4(909 2098 2139 868)
4(867 868 2139 2138)
4(910 2099 2140 869)
4(868 869 2140 2139)
4(911 2100 2141 870)
4(869 870 2141 2140)
4(912 2101 2142 871)
4(870 871 2142 2141)
4(913 2102 2143 872)
4(871 872 2143 2142)
4(914 2103 2144 873)
4(872 873 2144 2143)
4(915 2104 2145 874)
4(873 874 2145 2144)
4(916 2105 2146 875)
4(874 875 2146 2145)
4(917 2106 2147 876)
4(875 876 2147 2146)
4(918 2107 2148 877)
4(876 877 2148 2147)
4(919 2108 2149 878)
4(877 878 2149 2148)
4(920 2109 2150 879)
4(878 879 2150 2149)
4(921 2110 2151 880)
4(879 880 2151 2150)
4(922 2111 2152 881)
4(880 881 2152 2151)
4(923 2112 2153 882)
4(881 882 2153 2152)
4(924 2113 2154 883)
4(882 883 2154 2153)
4(925 2114 2155 884)
4(883 884 2155 2154)
4(926 2115 2156 885)
4(884 885 2156 2155)
4(927 2116 2157 886)
4(885 886 2157 2156)
4(928 2117 2158 887)
4(886 887 2158 2157)
4(929 2118 2159 888)
4(887 888 2159 2158)
4(930 2119 2160 889)
4(888 889 2160 2159)
4(931 2120 2161 890)
4(889 890 2161 2160)
4(932 2121 2162 891)
4(890 891 2162 2161)
4(933 2122 2163 892)
4(891 892 2163 2162)
4(934 2123 2164 893)
4(892 893 2164 2163)
4(935 2124 2165 894)
4(893 894 2165 2164)
4(936 2125 2166 895)
4(894 895 2166 2165)
4(937 2126 2167 896)
4(895 896 2167 2166)
4(938 2127 2168 897)
4(896 897 2168 2167)
4(939 2128 2169 898)
4(897 898 2169 2168)
4(940 2129 2170 899)
4(898 899 2170 2169)
4(941 2130 2171 900)
4(899 900 2171 2170)
4(942 2131 2172 901)
4(900 901 2172 2171)
4(943 2132 2173 902)
4(901 902 2173 2172)
4(944 2133 2174 903)
4(902 903 2174 2173)
4(945 2134 2175 904)
4(903 904 2175 2174)
4(946 2135 2176 905)
4(904 905 2176 2175)
4(947 2136 2177 906)
4(905 906 2177 2176)
4(906 156 178 2177)
4(157 179 178 156)
4(866 2137 2178 825)
4(40 825 2178 62)
4(867 2138 2179 826)
4(825 826 2179 2178)
4(868 2139 2180 827)
4(826 827 2180 2179)
4(869 2140 2181 828)
4(827 828 2181 2180)
4(870 2141 2182 829)
4(828 829 2182 2181)
4(871 2142 2183 830)
4(829 830 2183 2182)
4(872 2143 2184 831)
4(830 831 2184 2183)
4(873 2144 2185 832)
4(831 832 2185 2184)
4(874 2145 2186 833)
4(832 833 2186 2185)
4(875 2146 2187 834)
4(833 834 2187 2186)
4(876 2147 2188 835)
4(834 835 2188 2187)
4(877 2148 2189 836)
4(835 836 2189 2188)
4(878 2149 2190 837)
4(836 837 2190 2189)
4(879 2150 2191 838)
4(837 838 2191 2190)
4(880 2151 2192 839)
4(838 839 2192 2191)
4(881 2152 2193 840)
4(839 840 2193 2192)
4(882 2153 2194 841)
4(840 841 2194 2193)
4(883 2154 2195 842)
4(841 842 2195 2194)
4(884 2155 2196 843)
4(842 843 2196 2195)
4(885 2156 2197 844)
4(843 844 2197 2196)
4(886 2157 2198 845)
4(844 845 2198 2197)
4(887 2158 2199 846)
4(845 846 2199 2198)
4(888 2159 2200 847)
4(846 847 2200 2199)
4(889 2160 2201 848)
4(847 848 2201 2200)
4(890 2161 2202 849)
4(848 849 2202 2201)
4(891 2162 2203 850)
4(849 850 2203 2202)
4(892 2163 2204 851)
4(850 851 2204 2203)
4(893 2164 2205 852)
4(851 852 2205 2204)
4(894 2165 2206 853)
4(852 853 2206 2205)
4(895 2166 2207 854)
4(853 854 2207 2206)
4(896 2167 2208 855)
4(854 855 2208 2207)
4(897 2168 2209 856)
4(855 856 2209 2208)
4(898 2169 2210 857)
4(856 857 2210 2209)
4(899 2170 2211 858)
4(857 858 2211 2210)
4(900 2171 2212 859)
4(858 859 2212 2211)
4(901 2172 2213 860)
4(859 860 2213 2212)
4(902 2173 2214 861)
4(860 861 2214 2213)
4(903 2174 2215 862)
4(861 862 2215 2214)
4(904 2175 2216 863)
4(862 863 2216 2215)
4(905 2176 2217 864)
4(863 864 2217 2216)
4(906 2177 2218 865)
4(864 865 2218 2217)
4(865 155 177 2218)
4(156 178 177 155)
4(825 2178 2219 784)
4(41 784 2219 63)
4(826 2179 2220 785)
4(784 785 2220 2219)
4(827 2180 2221 786)
4(785 786 2221 2220)
4(828 2181 2222 787)
4(786 787 2222 2221)
4(829 2182 2223 788)
4(787 788 2223 2222)
4(830 2183 2224 789)
4(788 789 2224 2223)
4(831 2184 2225 790)
4(789 790 2225 2224)
4(832 2185 2226 791)
4(790 791 2226 2225)
4(833 2186 2227 792)
4(791 792 2227 2226)
4(834 2187 2228 793)
4(792 793 2228 2227)
4(835 2188 2229 794)
4(793 794 2229 2228)
4(836 2189 2230 795)
4(794 795 2230 2229)
4(837 2190 2231 796)
4(795 796 2231 2230)
4(838 2191 2232 797)
4(796 797 2232 2231)
4(839 2192 2233 798)
4(797 798 2233 2232)
4(840 2193 2234 799)
4(798 799 2234 2233)
4(841 2194 2235 800)
4(799 800 2235 2234)
4(842 2195 2236 801)
4(800 801 2236 2235)
4(843 2196 2237 802)
4(801 802 2237 2236)
4(844 2197 2238 803)
4(802 803 2238 2237)
4(845 2198 2239 804)
4(803 804 2239 2238)
4(846 2199 2240 805)
4(804 805 2240 2239)
4(847 2200 2241 806)
4(805 806 2241 2240)
4(848 2201 2242 807)
4(806 807 2242 2241)
4(849 2202 2243 808)
4(807 808 2243 2242)
4(850 2203 2244 809)
4(808 809 2244 2243)
4(851 2204 2245 810)
4(809 810 2245 2244)
4(852 2205 2246 811)
4(810 811 2246 2245)
4(853 2206 2247 812)
4(811 812 2247 2246)
4(854 2207 2248 813)
4(812 813 2248 2247)
4(855 2208 2249 814)
4(813 814 2249 2248)
4(856 2209 2250 815)
4(814 815 2250 2249)
4(857 2210 2251 816)
4(815 816 2251 2250)
4(858 2211 2252 817)
4(816 817 2252 2251)
4(859 2212 2253 818)
4(817 818 2253 2252)
4(860 2213 2254 819)
4(818 819 2254 2253)
4(861 2214 2255 820)
4(819 820 2255 2254)
4(862 2215 2256 821)
4(820 821 2256 2255)
4(863 2216 2257 822)
4(821 822 2257 2256)
4(864 2217 2258 823)
4(822 823 2258 2257)
4(865 2218 2259 824)
4(823 824 2259 2258)
4(824 154 176 2259)
4(155 177 176 154)
4(784 2219 2260 743)
4(42 743 2260 64)
4(785 2220 2261 744)
4(743 744 2261 2260)
4(786 2221 2262 745)
4(744 745 2262 2261)
4(787 2222 2263 746)
4(745 746 2263 2262)
4(788 2223 2264 747)
4(746 747 2264 2263)
4(789 2224 2265 748)
4(747 748 2265 2264)
4(790 2225 2266 749)
4(748 749 2266 2265)
4(791 2226 2267 750)
4(749 750 2267 2266)
4(792 2227 2268 751)
4(750 751 2268 2267)
4(793 2228 2269 752)
4(751 752 2269 2268)
4(794 2229 2270 753)
4(752 753 2270 2269)
4(795 2230 2271 754)
4(753 754 2271 2270)
4(796 2231 2272 755)
4(754 755 2272 2271)
4(797 2232 2273 756)
4(755 756 2273 2272)
4(798 2233 2274 757)
4(756 757 2274 2273)
4(799 2234 2275 758)
4(757 758 2275 2274)
4(800 2235 2276 759)
4(758 759 2276 2275)
4(801 2236 2277 760)
4(759 760 2277 2276)
4(802 2237 2278 761)
4(760 761 2278 2277)
4(803 2238 2279 762)
4(761 762 2279 2278)
4(804 2239 2280 763)
4(762 763 2280 2279)
4(805 2240 2281 764)
4(763 764 2281 2280)
4(806 2241 2282 765)
4(764 765 2282 2281)
4(807 2242 2283 766)
4(765 766 2283 2282)
4(808 2243 2284 767)
4(766 767 2284 2283)
4(809 2244 2285 768)
4(767 768 2285 2284)
4(810 2245 2286 769)
4(768 769 2286 2285)
4(811 2246 2287 770)
4(769 770 2287 2286)
4(812 2247 2288 771)
4(770 771 2288 2287)
4(813 2248 2289 772)
4(771 772 2289 2288)
4(814 2249 2290 773)
4(772 773 2290 2289)
4(815 2250 2291 774)
4(773 774 2291 2290)
4(816 2251 2292 775)
4(774 775 2292 2291)
4(817 2252 2293 776)
4(775 776 2293 2292)
4(818 2253 2294 777)
4(776 777 2294 2293)
4(819 2254 2295 778)
4(777 778 2295 2294)
4(820 2255 2296 779)
4(778 779 2296 2295)
4(821 2256 2297 780)
4(779 780 2297 2296)
4(822 2257 2298 781)
4(780 781 2298 2297)
4(823 2258 2299 782)
4(781 782 2299 2298)
4(824 2259 2300 783)
4(782 783 2300 2299)
4(783 153 175 2300)
4(154 176 175 153)
4(743 2260 2301 702)
4(43 702 2301 65)
4(744 2261 2302 703)
4(702 703 2302 2301)
4(745 2262 2303 704)
4(703 704 2303 2302)
4(746 2263 2304 705)
4(704 705 2304 2303)
4(747 2264 2305 706)
4(705 706 2305 2304)
4(748 2265 2306 707)
4(706 707 2306 2305)
4(749 2266 2307 708)
4(707 708 2307 2306)
4(750 2267 2308 709)
4(708 709 2308 2307)
4(751 2268 2309 710)
4(709 710 2309 2308)
4(752 2269 2310 711)
4(710 711 2310 2309)
4(753 2270 2311 712)
4(711 712 2311 2310)
4(754 2271 2312 713)
4(712 713 2312 2311)
4(755 2272 2313 714)
4(713 714 2313 2312)
4(756 2273 2314 715)
4(714 715 2314 2313)
4(757 2274 2315 716)
4(715 716 2315 2314)
4(758 2275 2316 717)
4(716 717 2316 2315)
4(759 2276 2317 718)
4(717 718 2317 2316)
4(760 2277 2318 719)
4(718 719 2318 2317)
4(761 2278 2319 720)
4(719 720 2319 2318)
4(762 2279 2320 721)
4(720 721 2320 2319)
4(763 2280 2321 722)
4(721 722 2321 2320)
4(764 2281 2322 723)
4(722 723 2322 2321)
4(765 2282 2323 724)
4(723 724 2323 2322)
4(766 2283 2324 725)
4(724 725 2324 2323)
4(767 2284 2325 726)
4(725 726 2325 2324)
4(768 2285 2326 727)
4(726 727 2326 2325)
4(769 2286 2327 728)
4(727 728 2327 2326)
4(770 2287 2328 729)
4(728 729 2328 2327)
4(771 2288 2329 730)
4(729 730 2329 2328)
4(772 2289 2330 731)
4(730 731 2330 2329)
4(773 2290 2331 732)
4(731 732 2331 2330)
4(774 2291 2332 733)
4(732 733 2332 2331)
4(775 2292 2333 734)
4(733 734 2333 2332)
4(776 2293 2334 735)
4(734 735 2334 2333)
4(777 2294 2335 736)
4(735 736 2335 2334)
4(778 2295 2336 737)
4(736 737 2336 2335)
4(779 2296 2337 738)
4(737 738 2337 2336)
4(780 2297 2338 739)
4(738 739 2338 2337)
4(781 2298 2339 740)
4(739 740 2339 2338)
4(782 2299 2340 741)
4(740 741 2340 2339)
4(783 2300 2341 742)
4(741 742 2341 2340)
4(742 152 174 2341)
4(153 175 174 152)
4(702 2301 2342 661)
4(44 661 2342 66)
4(703 2302 2343 662)
4(661 662 2343 2342)
4(704 2303 2344 663)
4(662 663 2344 2343)
4(705 2304 2345 664)
4(663 664 2345 2344)
4(706 2305 2346 665)
4(664 665 2346 2345)
4(707 2306 2347 666)
4(665 666 2347 2346)
4(708 2307 2348 667)
4(666 667 2348 2347)
4(709 2308 2349 668)
4(667 668 2349 2348)
4(710 2309 2350 669)
4(668 669 2350 2349)
4(711 2310 2351 670)
4(669 670 2351 2350)
4(712 2311 2352 671)
4(670 671 2352 2351)
4(713 2312 2353 672)
4(671 672 2353 2352)
4(714 2313 2354 673)
4(672 673 2354 2353)
4(715 2314 2355 674)
4(673 674 2355 2354)
4(716 2315 2356 675)
4(674 675 2356 2355)
4(717 2316 2357 676)
4(675 676 2357 2356)
4(718 2317 2358 677)
4(676 677 2358 2357)
4(719 2318 2359 678)
4(677 678 2359 2358)
4(720 2319 2360 679)
4(678 679 2360 2359)
4(721 2320 2361 680)
4(679 680 2361 2360)
4(722 2321 2362 681)
4(680 681 2362 2361)
4(723 2322 2363 682)
4(681 682 2363 2362)
4(724 2323 2364 683)
4(682 683 2364 2363)
4(725 2324 2365 684)
4(683 684 2365 2364)
4(726 2325 2366 685)
4(684 685 2366 2365)
4(727 2326 2367 686)
4(685 686 2367 2366)
4(728 2327 2368 687)
4(686 687 2368 2367)
4(729 2328 2369 688)
4(687 688 2369 2368)
4(730 2329 2370 689)
4(688 689 2370 2369)
4(731 2330 2371 690)
4(689 690 2371 2370)
4(732 2331 2372 691)
4(690 691 2372 2371)
4(733 2332 2373 692)
4(691 692 2373 2372)
4(734 2333 2374 693)
4(692 693 2374 2373)
4(735 2334 2375 694)
4(693 694 2375 2374)
4(736 2335 2376 695)
4(694 695 2376 2375)
4(737 2336 2377 696)
4(695 696 2377 2376)
4(738 2337 2378 697)
4(696 697 2378 2377)
4(739 2338 2379 698)
4(697 698 2379 2378)
4(740 2339 2380 699)
4(698 699 2380 2379)
4(741 2340 2381 700)
4(699 700 2381 2380)
4(742 2341 2382 701)
4(700 701 2382 2381)
4(701 151 173 2382)
4(152 174 173 151)
4(661 2342 2383 620)
4(45 620 2383 67)
4(662 2343 2384 621)
4(620 621 2384 2383)
4(663 2344 2385 622)
4(621 622 2385 2384)
4(664 2345 2386 623)
4(622 623 2386 2385)
4(665 2346 2387 624)
4(623 624 2387 2386)
4(666 2347 2388 625)
4(624 625 2388 2387)
4(667 2348 2389 626)
4(625 626 2389 2388)
4(668 2349 2390 627)
4(626 627 2390 2389)
4(669 2350 2391 628)
4(627 628 2391 2390)
4(670 2351 2392 629)
4(628 629 2392 2391)
4(671 2352 2393 630)
4(629 630 2393 2392)
4(672 2353 2394 631)
4(630 631 2394 2393)
4(673 2354 2395 632)
4(631 632 2395 2394)
4(674 2355 2396 633)
4(632 633 2396 2395)
4(675 2356 2397 634)
4(633 634 2397 2396)
4(676 2357 2398 635)
4(634 635 2398 2397)
4(677 2358 2399 636)
4(635 636 2399 2398)
4(678 2359 2400 637)
4(636 637 2400 2399)
4(679 2360 2401 638)
4(637 638 2401 2400)
4(680 2361 2402 639)
4(638 639 2402 2401)
4(681 2362 2403 640)
4(639 640 2403 2402)
4(682 2363 2404 641)
4(640 641 2404 2403)
4(683 2364 2405 642)
4(641 642 2405 2404)
4(684 2365 2406 643)
4(642 643 2406 2405)
4(685 2366 2407 644)
4(643 644 2407 2406)
4(686 2367 2408 645)
4(644 645 2408 2407)
4(687 2368 2409 646)
4(645 646 2409 2408)
4(688 2369 2410 647)
4(646 647 2410 2409)
4(689 2370 2411 648)
4(647 648 2411 2410)
4(690 2371 2412 649)
4(648 649 2412 2411)
4(691 2372 2413 650)
4(649 650 2413 2412)
4(692 2373 2414 651)
4(650 651 2414 2413)
4(693 2374 2415 652)
4(651 652 2415 2414)
4(694 2375 2416 653)
4(652 653 2416 2415)
4(695 2376 2417 654)
4(653 654 2417 2416)
4(696 2377 2418 655)
4(654 655 2418 2417)
4(697 2378 2419 656)
4(655 656 2419 2418)
4(698 2379 2420 657)
4(656 657 2420 2419)
4(699 2380 2421 658)
4(657 658 2421 2420)
4(700 2381 2422 659)
4(658 659 2422 2421)
4(701 2382 2423 660)
4(659 660 2423 2422)
4(660 150 172 2423)
4(151 173 172 150)
4(620 2383 109 68)
4(621 2384 110 69)
4(622 2385 111 70)
4(623 2386 112 71)
4(624 2387 113 72)
4(625 2388 114 73)
4(626 2389 115 74)
4(627 2390 116 75)
4(628 2391 117 76)
4(629 2392 118 77)
4(630 2393 119 78)
4(631 2394 120 79)
4(632 2395 121 80)
4(633 2396 122 81)
4(634 2397 123 82)
4(635 2398 124 83)
4(636 2399 125 84)
4(637 2400 126 85)
4(638 2401 127 86)
4(639 2402 128 87)
4(640 2403 129 88)
4(641 2404 130 89)
4(642 2405 131 90)
4(643 2406 132 91)
4(644 2407 133 92)
4(645 2408 134 93)
4(646 2409 135 94)
4(647 2410 136 95)
4(648 2411 137 96)
4(649 2412 138 97)
4(650 2413 139 98)
4(651 2414 140 99)
4(652 2415 141 100)
4(653 2416 142 101)
4(654 2417 143 102)
4(655 2418 144 103)
4(656 2419 145 104)
4(657 2420 146 105)
4(658 2421 147 106)
4(659 2422 148 107)
4(660 2423 149 108)
4(150 172 5 4)
4(234 275 2465 2424)
4(276 2424 2465 277)
4(233 274 2466 2425)
4(2424 2425 2466 2465)
4(232 273 2467 2426)
4(2425 2426 2467 2466)
4(231 272 2468 2427)
4(2426 2427 2468 2467)
4(230 271 2469 2428)
4(2427 2428 2469 2468)
4(229 270 2470 2429)
4(2428 2429 2470 2469)
4(228 269 2471 2430)
4(2429 2430 2471 2470)
4(227 268 2472 2431)
4(2430 2431 2472 2471)
4(226 267 2473 2432)
4(2431 2432 2473 2472)
4(225 266 2474 2433)
4(2432 2433 2474 2473)
4(224 265 2475 2434)
4(2433 2434 2475 2474)
4(223 264 2476 2435)
4(2434 2435 2476 2475)
4(222 263 2477 2436)
4(2435 2436 2477 2476)
4(221 262 2478 2437)
4(2436 2437 2478 2477)
4(220 261 2479 2438)
4(2437 2438 2479 2478)
4(219 260 2480 2439)
4(2438 2439 2480 2479)
4(218 259 2481 2440)
4(2439 2440 2481 2480)
4(217 258 2482 2441)
4(2440 2441 2482 2481)
4(216 257 2483 2442)
4(2441 2442 2483 2482)
4(215 256 2484 2443)
4(2442 2443 2484 2483)
4(214 255 2485 2444)
4(2443 2444 2485 2484)
4(213 254 2486 2445)
4(2444 2445 2486 2485)
4(212 253 2487 2446)
4(2445 2446 2487 2486)
4(211 252 2488 2447)
4(2446 2447 2488 2487)
4(210 251 2489 2448)
4(2447 2448 2489 2488)
4(209 250 2490 2449)
4(2448 2449 2490 2489)
4(208 249 2491 2450)
4(2449 2450 2491 2490)
4(207 248 2492 2451)
4(2450 2451 2492 2491)
4(206 247 2493 2452)
4(2451 2452 2493 2492)
4(205 246 2494 2453)
4(2452 2453 2494 2493)
4(204 245 2495 2454)
4(2453 2454 2495 2494)
4(203 244 2496 2455)
4(2454 2455 2496 2495)
4(202 243 2497 2456)
4(2455 2456 2497 2496)
4(201 242 2498 2457)
4(2456 2457 2498 2497)
4(200 241 2499 2458)
4(2457 2458 2499 2498)
4(199 240 2500 2459)
4(2458 2459 2500 2499)
4(198 239 2501 2460)
4(2459 2460 2501 2500)
4(197 238 2502 2461)
4(2460 2461 2502 2501)
4(196 237 2503 2462)
4(2461 2462 2503 2502)
4(195 236 2504 2463)
4(2462 2463 2504 2503)
4(194 235 2505 2464)
4(2463 2464 2505 2504)
4(2464 360 361 2505)
4(2424 2465 359 318)
4(8 318 359 9)
4(2425 2466 358 317)
4(318 317 358 359)
4(2426 2467 357 316)
4(317 316 357 358)
4(2427 2468 356 315)
4(316 315 356 357)
4(2428 2469 355 314)
4(315 314 355 356)
4(2429 2470 354 313)
4(314 313 354 355)
4(2430 2471 353 312)
4(313 312 353 354)
4(2431 2472 352 311)
4(312 311 352 353)
4(2432 2473 351 310)
4(311 310 351 352)
4(2433 2474 350 309)
4(310 309 350 351)
4(2434 2475 349 308)
4(309 308 349 350)
4(2435 2476 348 307)
4(308 307 348 349)
4(2436 2477 347 306)
4(307 306 347 348)
4(2437 2478 346 305)
4(306 305 346 347)
4(2438 2479 345 304)
4(305 304 345 346)
4(2439 2480 344 303)
4(304 303 344 345)
4(2440 2481 343 302)
4(303 302 343 344)
4(2441 2482 342 301)
4(302 301 342 343)
4(2442 2483 341 300)
4(301 300 341 342)
4(2443 2484 340 299)
4(300 299 340 341)
4(2444 2485 339 298)
4(299 298 339 340)
4(2445 2486 338 297)
4(298 297 338 339)
4(2446 2487 337 296)
4(297 296 337 338)
4(2447 2488 336 295)
4(296 295 336 337)
4(2448 2489 335 294)
4(295 294 335 336)
4(2449 2490 334 293)
4(294 293 334 335)
4(2450 2491 333 292)
4(293 292 333 334)
4(2451 2492 332 291)
4(292 291 332 333)
4(2452 2493 331 290)
4(291 290 331 332)
4(2453 2494 330 289)
4(290 289 330 331)
4(2454 2495 329 288)
4(289 288 329 330)
4(2455 2496 328 287)
4(288 287 328 329)
4(2456 2497 327 286)
4(287 286 327 328)
4(2457 2498 326 285)
4(286 285 326 327)
4(2458 2499 325 284)
4(285 284 325 326)
4(2459 2500 324 283)
4(284 283 324 325)
4(2460 2501 323 282)
4(283 282 323 324)
4(2461 2502 322 281)
4(282 281 322 323)
4(2462 2503 321 280)
4(281 280 321 322)
4(2463 2504 320 279)
4(280 279 320 321)
4(2464 2505 319 278)
4(279 278 319 320)
4(278 10 11 319)
4(497 515 3244 3226)
4(362 3226 3244 403)
4(12 13 515 497)
4(496 514 3245 3227)
4(3226 3227 3245 3244)
4(497 515 514 496)
4(495 513 3246 3228)
4(3227 3228 3246 3245)
4(496 514 513 495)
4(494 512 3247 3229)
4(3228 3229 3247 3246)
4(495 513 512 494)
4(493 511 3248 3230)
4(3229 3230 3248 3247)
4(494 512 511 493)
4(492 510 3249 3231)
4(3230 3231 3249 3248)
4(493 511 510 492)
4(491 509 3250 3232)
4(3231 3232 3250 3249)
4(492 510 509 491)
4(490 508 3251 3233)
4(3232 3233 3251 3250)
4(491 509 508 490)
4(489 507 3252 3234)
4(3233 3234 3252 3251)
4(490 508 507 489)
4(488 506 3253 3235)
4(3234 3235 3253 3252)
4(489 507 506 488)
4(487 505 3254 3236)
4(3235 3236 3254 3253)
4(488 506 505 487)
4(486 504 3255 3237)
4(3236 3237 3255 3254)
4(487 505 504 486)
4(485 503 3256 3238)
4(3237 3238 3256 3255)
4(486 504 503 485)
4(484 502 3257 3239)
4(3238 3239 3257 3256)
4(485 503 502 484)
4(483 501 3258 3240)
4(3239 3240 3258 3257)
4(484 502 501 483)
4(482 500 3259 3241)
4(3240 3241 3259 3258)
4(483 501 500 482)
4(481 499 3260 3242)
4(3241 3242 3260 3259)
4(482 500 499 481)
4(480 498 3261 3243)
4(3242 3243 3261 3260)
4(481 499 498 480)
4(3243 318 359 3261)
4(480 498 9 8)
4(3226 3244 3262 3208)
4(363 3208 3262 404)
4(3227 3245 3263 3209)
4(3208 3209 3263 3262)
4(3228 3246 3264 3210)
4(3209 3210 3264 3263)
4(3229 3247 3265 3211)
4(3210 3211 3265 3264)
4(3230 3248 3266 3212)
4(3211 3212 3266 3265)
4(3231 3249 3267 3213)
4(3212 3213 3267 3266)
4(3232 3250 3268 3214)
4(3213 3214 3268 3267)
4(3233 3251 3269 3215)
4(3214 3215 3269 3268)
4(3234 3252 3270 3216)
4(3215 3216 3270 3269)
4(3235 3253 3271 3217)
4(3216 3217 3271 3270)
4(3236 3254 3272 3218)
4(3217 3218 3272 3271)
4(3237 3255 3273 3219)
4(3218 3219 3273 3272)
4(3238 3256 3274 3220)
4(3219 3220 3274 3273)
4(3239 3257 3275 3221)
4(3220 3221 3275 3274)
4(3240 3258 3276 3222)
4(3221 3222 3276 3275)
4(3241 3259 3277 3223)
4(3222 3223 3277 3276)
4(3242 3260 3278 3224)
4(3223 3224 3278 3277)
4(3243 3261 3279 3225)
4(3224 3225 3279 3278)
4(3225 317 358 3279)
4(3208 3262 3280 3190)
4(364 3190 3280 405)
4(3209 3263 3281 3191)
4(3190 3191 3281 3280)
4(3210 3264 3282 3192)
4(3191 3192 3282 3281)
4(3211 3265 3283 3193)
4(3192 3193 3283 3282)
4(3212 3266 3284 3194)
4(3193 3194 3284 3283)
4(3213 3267 3285 3195)
4(3194 3195 3285 3284)
4(3214 3268 3286 3196)
4(3195 3196 3286 3285)
4(3215 3269 3287 3197)
4(3196 3197 3287 3286)
4(3216 3270 3288 3198)
4(3197 3198 3288 3287)
4(3217 3271 3289 3199)
4(3198 3199 3289 3288)
4(3218 3272 3290 3200)
4(3199 3200 3290 3289)
4(3219 3273 3291 3201)
4(3200 3201 3291 3290)
4(3220 3274 3292 3202)
4(3201 3202 3292 3291)
4(3221 3275 3293 3203)
4(3202 3203 3293 3292)
4(3222 3276 3294 3204)
4(3203 3204 3294 3293)
4(3223 3277 3295 3205)
4(3204 3205 3295 3294)
4(3224 3278 3296 3206)
4(3205 3206 3296 3295)
4(3225 3279 3297 3207)
4(3206 3207 3297 3296)
4(3207 316 357 3297)
4(3190 3280 3298 3172)
4(365 3172 3298 406)
4(3191 3281 3299 3173)
4(3172 3173 3299 3298)
4(3192 3282 3300 3174)
4(3173 3174 3300 3299)
4(3193 3283 3301 3175)
4(3174 3175 3301 3300)
4(3194 3284 3302 3176)
4(3175 3176 3302 3301)
4(3195 3285 3303 3177)
4(3176 3177 3303 3302)
4(3196 3286 3304 3178)
4(3177 3178 3304 3303)
4(3197 3287 3305 3179)
4(3178 3179 3305 3304)
4(3198 3288 3306 3180)
4(3179 3180 3306 3305)
4(3199 3289 3307 3181)
4(3180 3181 3307 3306)
4(3200 3290 3308 3182)
4(3181 3182 3308 3307)
4(3201 3291 3309 3183)
4(3182 3183 3309 3308)
4(3202 3292 3310 3184)
4(3183 3184 3310 3309)
4(3203 3293 3311 3185)
4(3184 3185 3311 3310)
4(3204 3294 3312 3186)
4(3185 3186 3312 3311)
4(3205 3295 3313 3187)
4(3186 3187 3313 3312)
4(3206 3296 3314 3188)
4(3187 3188 3314 3313)
4(3207 3297 3315 3189)
4(3188 3189 3315 3314)
4(3189 315 356 3315)
4(3172 3298 3316 3154)
4(366 3154 3316 407)
4(3173 3299 3317 3155)
4(3154 3155 3317 3316)
4(3174 3300 3318 3156)
4(3155 3156 3318 3317)
4(3175 3301 3319 3157)
4(3156 3157 3319 3318)
4(3176 3302 3320 3158)
4(3157 3158 3320 3319)
4(3177 3303 3321 3159)
4(3158 3159 3321 3320)
4(3178 3304 3322 3160)
4(3159 3160 3322 3321)
4(3179 3305 3323 3161)
4(3160 3161 3323 3322)
4(3180 3306 3324 3162)
4(3161 3162 3324 3323)
4(3181 3307 3325 3163)
4(3162 3163 3325 3324)
4(3182 3308 3326 3164)
4(3163 3164 3326 3325)
4(3183 3309 3327 3165)
4(3164 3165 3327 3326)
4(3184 3310 3328 3166)
4(3165 3166 3328 3327)
4(3185 3311 3329 3167)
4(3166 3167 3329 3328)
4(3186 3312 3330 3168)
4(3167 3168 3330 3329)
4(3187 3313 3331 3169)
4(3168 3169 3331 3330)
4(3188 3314 3332 3170)
4(3169 3170 3332 3331)
4(3189 3315 3333 3171)
4(3170 3171 3333 3332)
4(3171 314 355 3333)
4(3154 3316 3334 3136)
4(367 3136 3334 408)
4(3155 3317 3335 3137)
4(3136 3137 3335 3334)
4(3156 3318 3336 3138)
4(3137 3138 3336 3335)
4(3157 3319 3337 3139)
4(3138 3139 3337 3336)
4(3158 3320 3338 3140)
4(3139 3140 3338 3337)
4(3159 3321 3339 3141)
4(3140 3141 3339 3338)
4(3160 3322 3340 3142)
4(3141 3142 3340 3339)
4(3161 3323 3341 3143)
4(3142 3143 3341 3340)
4(3162 3324 3342 3144)
4(3143 3144 3342 3341)
4(3163 3325 3343 3145)
4(3144 3145 3343 3342)
4(3164 3326 3344 3146)
4(3145 3146 3344 3343)
4(3165 3327 3345 3147)
4(3146 3147 3345 3344)
4(3166 3328 3346 3148)
4(3147 3148 3346 3345)
4(3167 3329 3347 3149)
4(3148 3149 3347 3346)
4(3168 3330 3348 3150)
4(3149 3150 3348 3347)
4(3169 3331 3349 3151)
4(3150 3151 3349 3348)
4(3170 3332 3350 3152)
4(3151 3152 3350 3349)
4(3171 3333 3351 3153)
4(3152 3153 3351 3350)
4(3153 313 354 3351)
4(3136 3334 3352 3118)
4(368 3118 3352 409)
4(3137 3335 3353 3119)
4(3118 3119 3353 3352)
4(3138 3336 3354 3120)
4(3119 3120 3354 3353)
4(3139 3337 3355 3121)
4(3120 3121 3355 3354)
4(3140 3338 3356 3122)
4(3121 3122 3356 3355)
4(3141 3339 3357 3123)
4(3122 3123 3357 3356)
4(3142 3340 3358 3124)
4(3123 3124 3358 3357)
4(3143 3341 3359 3125)
4(3124 3125 3359 3358)
4(3144 3342 3360 3126)
4(3125 3126 3360 3359)
4(3145 3343 3361 3127)
4(3126 3127 3361 3360)
4(3146 3344 3362 3128)
4(3127 3128 3362 3361)
4(3147 3345 3363 3129)
4(3128 3129 3363 3362)
4(3148 3346 3364 3130)
4(3129 3130 3364 3363)
4(3149 3347 3365 3131)
4(3130 3131 3365 3364)
4(3150 3348 3366 3132)
4(3131 3132 3366 3365)
4(3151 3349 3367 3133)
4(3132 3133 3367 3366)
4(3152 3350 3368 3134)
4(3133 3134 3368 3367)
4(3153 3351 3369 3135)
4(3134 3135 3369 3368)
4(3135 312 353 3369)
4(3118 3352 3370 3100)
4(369 3100 3370 410)
4(3119 3353 3371 3101)
4(3100 3101 3371 3370)
4(3120 3354 3372 3102)
4(3101 3102 3372 3371)
4(3121 3355 3373 3103)
4(3102 3103 3373 3372)
4(3122 3356 3374 3104)
4(3103 3104 3374 3373)
4(3123 3357 3375 3105)
4(3104 3105 3375 3374)
4(3124 3358 3376 3106)
4(3105 3106 3376 3375)
4(3125 3359 3377 3107)
4(3106 3107 3377 3376)
4(3126 3360 3378 3108)
4(3107 3108 3378 3377)
4(3127 3361 3379 3109)
4(3108 3109 3379 3378)
4(3128 3362 3380 3110)
4(3109 3110 3380 3379)
4(3129 3363 3381 3111)
4(3110 3111 3381 3380)
4(3130 3364 3382 3112)
4(3111 3112 3382 3381)
4(3131 3365 3383 3113)
4(3112 3113 3383 3382)
4(3132 3366 3384 3114)
4(3113 3114 3384 3383)
4(3133 3367 3385 3115)
4(3114 3115 3385 3384)
4(3134 3368 3386 3116)
4(3115 3116 3386 3385)
4(3135 3369 3387 3117)
4(3116 3117 3387 3386)
4(3117 311 352 3387)
4(3100 3370 3388 3082)
4(370 3082 3388 411)
4(3101 3371 3389 3083)
4(3082 3083 3389 3388)
4(3102 3372 3390 3084)
4(3083 3084 3390 3389)
4(3103 3373 3391 3085)
4(3084 3085 3391 3390)
4(3104 3374 3392 3086)
4(3085 3086 3392 3391)
4(3105 3375 3393 3087)
4(3086 3087 3393 3392)
4(3106 3376 3394 3088)
4(3087 3088 3394 3393)
4(3107 3377 3395 3089)
4(3088 3089 3395 3394)
4(3108 3378 3396 3090)
4(3089 3090 3396 3395)
4(3109 3379 3397 3091)
4(3090 3091 3397 3396)
4(3110 3380 3398 3092)
4(3091 3092 3398 3397)
4(3111 3381 3399 3093)
4(3092 3093 3399 3398)
4(3112 3382 3400 3094)
4(3093 3094 3400 3399)
4(3113 3383 3401 3095)
4(3094 3095 3401 3400)
4(3114 3384 3402 3096)
4(3095 3096 3402 3401)
4(3115 3385 3403 3097)
4(3096 3097 3403 3402)
4(3116 3386 3404 3098)
4(3097 3098 3404 3403)
4(3117 3387 3405 3099)
4(3098 3099 3405 3404)
4(3099 310 351 3405)
4(3082 3388 3406 3064)
4(371 3064 3406 412)
4(3083 3389 3407 3065)
4(3064 3065 3407 3406)
4(3084 3390 3408 3066)
4(3065 3066 3408 3407)
4(3085 3391 3409 3067)
4(3066 3067 3409 3408)
4(3086 3392 3410 3068)
4(3067 3068 3410 3409)
4(3087 3393 3411 3069)
4(3068 3069 3411 3410)
4(3088 3394 3412 3070)
4(3069 3070 3412 3411)
4(3089 3395 3413 3071)
4(3070 3071 3413 3412)
4(3090 3396 3414 3072)
4(3071 3072 3414 3413)
4(3091 3397 3415 3073)
4(3072 3073 3415 3414)
4(3092 3398 3416 3074)
4(3073 3074 3416 3415)
4(3093 3399 3417 3075)
4(3074 3075 3417 3416)
4(3094 3400 3418 3076)
4(3075 3076 3418 3417)
4(3095 3401 3419 3077)
4(3076 3077 3419 3418)
4(3096 3402 3420 3078)
4(3077 3078 3420 3419)
4(3097 3403 3421 3079)
4(3078 3079 3421 3420)
4(3098 3404 3422 3080)
4(3079 3080 3422 3421)
4(3099 3405 3423 3081)
4(3080 3081 3423 3422)
4(3081 309 350 3423)
4(3064 3406 3424 3046)
4(372 3046 3424 413)
4(3065 3407 3425 3047)
4(3046 3047 3425 3424)
4(3066 3408 3426 3048)
4(3047 3048 3426 3425)
4(3067 3409 3427 3049)
4(3048 3049 3427 3426)
4(3068 3410 3428 3050)
4(3049 3050 3428 3427)
4(3069 3411 3429 3051)
4(3050 3051 3429 3428)
4(3070 3412 3430 3052)
4(3051 3052 3430 3429)
4(3071 3413 3431 3053)
4(3052 3053 3431 3430)
4(3072 3414 3432 3054)
4(3053 3054 3432 3431)
4(3073 3415 3433 3055)
4(3054 3055 3433 3432)
4(3074 3416 3434 3056)
4(3055 3056 3434 3433)
4(3075 3417 3435 3057)
4(3056 3057 3435 3434)
4(3076 3418 3436 3058)
4(3057 3058 3436 3435)
4(3077 3419 3437 3059)
4(3058 3059 3437 3436)
4(3078 3420 3438 3060)
4(3059 3060 3438 3437)
4(3079 3421 3439 3061)
4(3060 3061 3439 3438)
4(3080 3422 3440 3062)
4(3061 3062 3440 3439)
4(3081 3423 3441 3063)
4(3062 3063 3441 3440)
4(3063 308 349 3441)
4(3046 3424 3442 3028)
4(373 3028 3442 414)
4(3047 3425 3443 3029)
4(3028 3029 3443 3442)
4(3048 3426 3444 3030)
4(3029 3030 3444 3443)
4(3049 3427 3445 3031)
4(3030 3031 3445 3444)
4(3050 3428 3446 3032)
4(3031 3032 3446 3445)
4(3051 3429 3447 3033)
4(3032 3033 3447 3446)
4(3052 3430 3448 3034)
4(3033 3034 3448 3447)
4(3053 3431 3449 3035)
4(3034 3035 3449 3448)
4(3054 3432 3450 3036)
4(3035 3036 3450 3449)
4(3055 3433 3451 3037)
4(3036 3037 3451 3450)
4(3056 3434 3452 3038)
4(3037 3038 3452 3451)
4(3057 3435 3453 3039)
4(3038 3039 3453 3452)
4(3058 3436 3454 3040)
4(3039 3040 3454 3453)
4(3059 3437 3455 3041)
4(3040 3041 3455 3454)
4(3060 3438 3456 3042)
4(3041 3042 3456 3455)
4(3061 3439 3457 3043)
4(3042 3043 3457 3456)
4(3062 3440 3458 3044)
4(3043 3044 3458 3457)
4(3063 3441 3459 3045)
4(3044 3045 3459 3458)
4(3045 307 348 3459)
4(3028 3442 3460 3010)
4(374 3010 3460 415)
4(3029 3443 3461 3011)
4(3010 3011 3461 3460)
4(3030 3444 3462 3012)
4(3011 3012 3462 3461)
4(3031 3445 3463 3013)
4(3012 3013 3463 3462)
4(3032 3446 3464 3014)
4(3013 3014 3464 3463)
4(3033 3447 3465 3015)
4(3014 3015 3465 3464)
4(3034 3448 3466 3016)
4(3015 3016 3466 3465)
4(3035 3449 3467 3017)
4(3016 3017 3467 3466)
4(3036 3450 3468 3018)
4(3017 3018 3468 3467)
4(3037 3451 3469 3019)
4(3018 3019 3469 3468)
4(3038 3452 3470 3020)
4(3019 3020 3470 3469)
4(3039 3453 3471 3021)
4(3020 3021 3471 3470)
4(3040 3454 3472 3022)
4(3021 3022 3472 3471)
4(3041 3455 3473 3023)
4(3022 3023 3473 3472)
4(3042 3456 3474 3024)
4(3023 3024 3474 3473)
4(3043 3457 3475 3025)
4(3024 3025 3475 3474)
4(3044 3458 3476 3026)
4(3025 3026 3476 3475)
4(3045 3459 3477 3027)
4(3026 3027 3477 3476)
4(3027 306 347 3477)
4(3010 3460 3478 2992)
4(375 2992 3478 416)
4(3011 3461 3479 2993)
4(2992 2993 3479 3478)
4(3012 3462 3480 2994)
4(2993 2994 3480 3479)
4(3013 3463 3481 2995)
4(2994 2995 3481 3480)
4(3014 3464 3482 2996)
4(2995 2996 3482 3481)
4(3015 3465 3483 2997)
4(2996 2997 3483 3482)
4(3016 3466 3484 2998)
4(2997 2998 3484 3483)
4(3017 3467 3485 2999)
4(2998 2999 3485 3484)
4(3018 3468 3486 3000)
4(2999 3000 3486 3485)
4(3019 3469 3487 3001)
4(3000 3001 3487 3486)
4(3020 3470 3488 3002)
4(3001 3002 3488 3487)
4(3021 3471 3489 3003)
4(3002 3003 3489 3488)
4(3022 3472 3490 3004)
4(3003 3004 3490 3489)
4(3023 3473 3491 3005)
4(3004 3005 3491 3490)
4(3024 3474 3492 3006)
4(3005 3006 3492 3491)
4(3025 3475 3493 3007)
4(3006 3007 3493 3492)
4(3026 3476 3494 3008)
4(3007 3008 3494 3493)
4(3027 3477 3495 3009)
4(3008 3009 3495 3494)
4(3009 305 346 3495)
4(2992 3478 3496 2974)
4(376 2974 3496 417)
4(2993 3479 3497 2975)
4(2974 2975 3497 3496)
4(2994 3480 3498 2976)
4(2975 2976 3498 3497)
4(2995 3481 3499 2977)
4(2976 2977 3499 3498)
4(2996 3482 3500 2978)
4(2977 2978 3500 3499)
4(2997 3483 3501 2979)
4(2978 2979 3501 3500)
4(2998 3484 3502 2980)
4(2979 2980 3502 3501)
4(2999 3485 3503 2981)
4(2980 2981 3503 3502)
4(3000 3486 3504 2982)
4(2981 2982 3504 3503)
4(3001 3487 3505 2983)
4(2982 2983 3505 3504)
4(3002 3488 3506 2984)
4(2983 2984 3506 3505)
4(3003 3489 3507 2985)
4(2984 2985 3507 3506)
4(3004 3490 3508 2986)
4(2985 2986 3508 3507)
4(3005 3491 3509 2987)
4(2986 2987 3509 3508)
4(3006 3492 3510 2988)
4(2987 2988 3510 3509)
4(3007 3493 3511 2989)
4(2988 2989 3511 3510)
4(3008 3494 3512 2990)
4(2989 2990 3512 3511)
4(3009 3495 3513 2991)
4(2990 2991 3513 3512)
4(2991 304 345 3513)
4(2974 3496 3514 2956)
4(377 2956 3514 418)
4(2975 3497 3515 2957)
4(2956 2957 3515 3514)
4(2976 3498 3516 2958)
4(2957 2958 3516 3515)
4(2977 3499 3517 2959)
4(2958 2959 3517 3516)
4(2978 3500 3518 2960)
4(2959 2960 3518 3517)
4(2979 3501 3519 2961)
4(2960 2961 3519 3518)
4(2980 3502 3520 2962)
4(2961 2962 3520 3519)
4(2981 3503 3521 2963)
4(2962 2963 3521 3520)
4(2982 3504 3522 2964)
4(2963 2964 3522 3521)
4(2983 3505 3523 2965)
4(2964 2965 3523 3522)
4(2984 3506 3524 2966)
4(2965 2966 3524 3523)
4(2985 3507 3525 2967)
4(2966 2967 3525 3524)
4(2986 3508 3526 2968)
4(2967 2968 3526 3525)
4(2987 3509 3527 2969)
4(2968 2969 3527 3526)
4(2988 3510 3528 2970)
4(2969 2970 3528 3527)
4(2989 3511 3529 2971)
4(2970 2971 3529 3528)
4(2990 3512 3530 2972)
4(2971 2972 3530 3529)
4(2991 3513 3531 2973)
4(2972 2973 3531 3530)
4(2973 303 344 3531)
4(2956 3514 3532 2938)
4(378 2938 3532 419)
4(2957 3515 3533 2939)
4(2938 2939 3533 3532)
4(2958 3516 3534 2940)
4(2939 2940 3534 3533)
4(2959 3517 3535 2941)
4(2940 2941 3535 3534)
4(2960 3518 3536 2942)
4(2941 2942 3536 3535)
4(2961 3519 3537 2943)
4(2942 2943 3537 3536)
4(2962 3520 3538 2944)
4(2943 2944 3538 3537)
4(2963 3521 3539 2945)
4(2944 2945 3539 3538)
4(2964 3522 3540 2946)
4(2945 2946 3540 3539)
4(2965 3523 3541 2947)
4(2946 2947 3541 3540)
4(2966 3524 3542 2948)
4(2947 2948 3542 3541)
4(2967 3525 3543 2949)
4(2948 2949 3543 3542)
4(2968 3526 3544 2950)
4(2949 2950 3544 3543)
4(2969 3527 3545 2951)
4(2950 2951 3545 3544)
4(2970 3528 3546 2952)
4(2951 2952 3546 3545)
4(2971 3529 3547 2953)
4(2952 2953 3547 3546)
4(2972 3530 3548 2954)
4(2953 2954 3548 3547)
4(2973 3531 3549 2955)
4(2954 2955 3549 3548)
4(2955 302 343 3549)
4(2938 3532 3550 2920)
4(379 2920 3550 420)
4(2939 3533 3551 2921)
4(2920 2921 3551 3550)
4(2940 3534 3552 2922)
4(2921 2922 3552 3551)
4(2941 3535 3553 2923)
4(2922 2923 3553 3552)
4(2942 3536 3554 2924)
4(2923 2924 3554 3553)
4(2943 3537 3555 2925)
4(2924 2925 3555 3554)
4(2944 3538 3556 2926)
4(2925 2926 3556 3555)
4(2945 3539 3557 2927)
4(2926 2927 3557 3556)
4(2946 3540 3558 2928)
4(2927 2928 3558 3557)
4(2947 3541 3559 2929)
4(2928 2929 3559 3558)
4(2948 3542 3560 2930)
4(2929 2930 3560 3559)
4(2949 3543 3561 2931)
4(2930 2931 3561 3560)
4(2950 3544 3562 2932)
4(2931 2932 3562 3561)
4(2951 3545 3563 2933)
4(2932 2933 3563 3562)
4(2952 3546 3564 2934)
4(2933 2934 3564 3563)
4(2953 3547 3565 2935)
4(2934 2935 3565 3564)
4(2954 3548 3566 2936)
4(2935 2936 3566 3565)
4(2955 3549 3567 2937)
4(2936 2937 3567 3566)
4(2937 301 342 3567)
4(2920 3550 3568 2902)
4(380 2902 3568 421)
4(2921 3551 3569 2903)
4(2902 2903 3569 3568)
4(2922 3552 3570 2904)
4(2903 2904 3570 3569)
4(2923 3553 3571 2905)
4(2904 2905 3571 3570)
4(2924 3554 3572 2906)
4(2905 2906 3572 3571)
4(2925 3555 3573 2907)
4(2906 2907 3573 3572)
4(2926 3556 3574 2908)
4(2907 2908 3574 3573)
4(2927 3557 3575 2909)
4(2908 2909 3575 3574)
4(2928 3558 3576 2910)
4(2909 2910 3576 3575)
4(2929 3559 3577 2911)
4(2910 2911 3577 3576)
4(2930 3560 3578 2912)
4(2911 2912 3578 3577)
4(2931 3561 3579 2913)
4(2912 2913 3579 3578)
4(2932 3562 3580 2914)
4(2913 2914 3580 3579)
4(2933 3563 3581 2915)
4(2914 2915 3581 3580)
4(2934 3564 3582 2916)
4(2915 2916 3582 3581)
4(2935 3565 3583 2917)
4(2916 2917 3583 3582)
4(2936 3566 3584 2918)
4(2917 2918 3584 3583)
4(2937 3567 3585 2919)
4(2918 2919 3585 3584)
4(2919 300 341 3585)
4(2902 3568 3586 2884)
4(381 2884 3586 422)
4(2903 3569 3587 2885)
4(2884 2885 3587 3586)
4(2904 3570 3588 2886)
4(2885 2886 3588 3587)
4(2905 3571 3589 2887)
4(2886 2887 3589 3588)
4(2906 3572 3590 2888)
4(2887 2888 3590 3589)
4(2907 3573 3591 2889)
4(2888 2889 3591 3590)
4(2908 3574 3592 2890)
4(2889 2890 3592 3591)
4(2909 3575 3593 2891)
4(2890 2891 3593 3592)
4(2910 3576 3594 2892)
4(2891 2892 3594 3593)
4(2911 3577 3595 2893)
4(2892 2893 3595 3594)
4(2912 3578 3596 2894)
4(2893 2894 3596 3595)
4(2913 3579 3597 2895)
4(2894 2895 3597 3596)
4(2914 3580 3598 2896)
4(2895 2896 3598 3597)
4(2915 3581 3599 2897)
4(2896 2897 3599 3598)
4(2916 3582 3600 2898)
4(2897 2898 3600 3599)
4(2917 3583 3601 2899)
4(2898 2899 3601 3600)
4(2918 3584 3602 2900)
4(2899 2900 3602 3601)
4(2919 3585 3603 2901)
4(2900 2901 3603 3602)
4(2901 299 340 3603)
4(2884 3586 3604 2866)
4(382 2866 3604 423)
4(2885 3587 3605 2867)
4(2866 2867 3605 3604)
4(2886 3588 3606 2868)
4(2867 2868 3606 3605)
4(2887 3589 3607 2869)
4(2868 2869 3607 3606)
4(2888 3590 3608 2870)
4(2869 2870 3608 3607)
4(2889 3591 3609 2871)
4(2870 2871 3609 3608)
4(2890 3592 3610 2872)
4(2871 2872 3610 3609)
4(2891 3593 3611 2873)
4(2872 2873 3611 3610)
4(2892 3594 3612 2874)
4(2873 2874 3612 3611)
4(2893 3595 3613 2875)
4(2874 2875 3613 3612)
4(2894 3596 3614 2876)
4(2875 2876 3614 3613)
4(2895 3597 3615 2877)
4(2876 2877 3615 3614)
4(2896 3598 3616 2878)
4(2877 2878 3616 3615)
4(2897 3599 3617 2879)
4(2878 2879 3617 3616)
4(2898 3600 3618 2880)
4(2879 2880 3618 3617)
4(2899 3601 3619 2881)
4(2880 2881 3619 3618)
4(2900 3602 3620 2882)
4(2881 2882 3620 3619)
4(2901 3603 3621 2883)
4(2882 2883 3621 3620)
4(2883 298 339 3621)
4(2866 3604 3622 2848)
4(383 2848 3622 424)
4(2867 3605 3623 2849)
4(2848 2849 3623 3622)
4(2868 3606 3624 2850)
4(2849 2850 3624 3623)
4(2869 3607 3625 2851)
4(2850 2851 3625 3624)
4(2870 3608 3626 2852)
4(2851 2852 3626 3625)
4(2871 3609 3627 2853)
4(2852 2853 3627 3626)
4(2872 3610 3628 2854)
4(2853 2854 3628 3627)
4(2873 3611 3629 2855)
4(2854 2855 3629 3628)
4(2874 3612 3630 2856)
4(2855 2856 3630 3629)
4(2875 3613 3631 2857)
4(2856 2857 3631 3630)
4(2876 3614 3632 2858)
4(2857 2858 3632 3631)
4(2877 3615 3633 2859)
4(2858 2859 3633 3632)
4(2878 3616 3634 2860)
4(2859 2860 3634 3633)
4(2879 3617 3635 2861)
4(2860 2861 3635 3634)
4(2880 3618 3636 2862)
4(2861 2862 3636 3635)
4(2881 3619 3637 2863)
4(2862 2863 3637 3636)
4(2882 3620 3638 2864)
4(2863 2864 3638 3637)
4(2883 3621 3639 2865)
4(2864 2865 3639 3638)
4(2865 297 338 3639)
4(2848 3622 3640 2830)
4(384 2830 3640 425)
4(2849 3623 3641 2831)
4(2830 2831 3641 3640)
4(2850 3624 3642 2832)
4(2831 2832 3642 3641)
4(2851 3625 3643 2833)
4(2832 2833 3643 3642)
4(2852 3626 3644 2834)
4(2833 2834 3644 3643)
4(2853 3627 3645 2835)
4(2834 2835 3645 3644)
4(2854 3628 3646 2836)
4(2835 2836 3646 3645)
4(2855 3629 3647 2837)
4(2836 2837 3647 3646)
4(2856 3630 3648 2838)
4(2837 2838 3648 3647)
4(2857 3631 3649 2839)
4(2838 2839 3649 3648)
4(2858 3632 3650 2840)
4(2839 2840 3650 3649)
4(2859 3633 3651 2841)
4(2840 2841 3651 3650)
4(2860 3634 3652 2842)
4(2841 2842 3652 3651)
4(2861 3635 3653 2843)
4(2842 2843 3653 3652)
4(2862 3636 3654 2844)
4(2843 2844 3654 3653)
4(2863 3637 3655 2845)
4(2844 2845 3655 3654)
4(2864 3638 3656 2846)
4(2845 2846 3656 3655)
4(2865 3639 3657 2847)
4(2846 2847 3657 3656)
4(2847 296 337 3657)
4(2830 3640 3658 2812)
4(385 2812 3658 426)
4(2831 3641 3659 2813)
4(2812 2813 3659 3658)
4(2832 3642 3660 2814)
4(2813 2814 3660 3659)
4(2833 3643 3661 2815)
4(2814 2815 3661 3660)
4(2834 3644 3662 2816)
4(2815 2816 3662 3661)
4(2835 3645 3663 2817)
4(2816 2817 3663 3662)
4(2836 3646 3664 2818)
4(2817 2818 3664 3663)
4(2837 3647 3665 2819)
4(2818 2819 3665 3664)
4(2838 3648 3666 2820)
4(2819 2820 3666 3665)
4(2839 3649 3667 2821)
4(2820 2821 3667 3666)
4(2840 3650 3668 2822)
4(2821 2822 3668 3667)
4(2841 3651 3669 2823)
4(2822 2823 3669 3668)
4(2842 3652 3670 2824)
4(2823 2824 3670 3669)
4(2843 3653 3671 2825)
4(2824 2825 3671 3670)
4(2844 3654 3672 2826)
4(2825 2826 3672 3671)
4(2845 3655 3673 2827)
4(2826 2827 3673 3672)
4(2846 3656 3674 2828)
4(2827 2828 3674 3673)
4(2847 3657 3675 2829)
4(2828 2829 3675 3674)
4(2829 295 336 3675)
4(2812 3658 3676 2794)
4(386 2794 3676 427)
4(2813 3659 3677 2795)
4(2794 2795 3677 3676)
4(2814 3660 3678 2796)
4(2795 2796 3678 3677)
4(2815 3661 3679 2797)
4(2796 2797 3679 3678)
4(2816 3662 3680 2798)
4(2797 2798 3680 3679)
4(2817 3663 3681 2799)
4(2798 2799 3681 3680)
4(2818 3664 3682 2800)
4(2799 2800 3682 3681)
4(2819 3665 3683 2801)
4(2800 2801 3683 3682)
4(2820 3666 3684 2802)
4(2801 2802 3684 3683)
4(2821 3667 3685 2803)
4(2802 2803 3685 3684)
4(2822 3668 3686 2804)
4(2803 2804 3686 3685)
4(2823 3669 3687 2805)
4(2804 2805 3687 3686)
4(2824 3670 3688 2806)
4(2805 2806 3688 3687)
4(2825 3671 3689 2807)
4(2806 2807 3689 3688)
4(2826 3672 3690 2808)
4(2807 2808 3690 3689)
4(2827 3673 3691 2809)
4(2808 2809 3691 3690)
4(2828 3674 3692 2810)
4(2809 2810 3692 3691)
4(2829 3675 3693 2811)
4(2810 2811 3693 3692)
4(2811 294 335 3693)
4(2794 3676 3694 2776)
4(387 2776 3694 428)
4(2795 3677 3695 2777)
4(2776 2777 3695 3694)
4(2796 3678 3696 2778)
4(2777 2778 3696 3695)
4(2797 3679 3697 2779)
4(2778 2779 3697 3696)
4(2798 3680 3698 2780)
4(2779 2780 3698 3697)
4(2799 3681 3699 2781)
4(2780 2781 3699 3698)
4(2800 3682 3700 2782)
4(2781 2782 3700 3699)
4(2801 3683 3701 2783)
4(2782 2783 3701 3700)
4(2802 3684 3702 2784)
4(2783 2784 3702 3701)
4(2803 3685 3703 2785)
4(2784 2785 3703 3702)
4(2804 3686 3704 2786)
4(2785 2786 3704 3703)
4(2805 3687 3705 2787)
4(2786 2787 3705 3704)
4(2806 3688 3706 2788)
4(2787 2788 3706 3705)
4(2807 3689 3707 2789)
4(2788 2789 3707 3706)
4(2808 3690 3708 2790)
4(2789 2790 3708 3707)
4(2809 3691 3709 2791)
4(2790 2791 3709 3708)
4(2810 3692 3710 2792)
4(2791 2792 3710 3709)
4(2811 3693 3711 2793)
4(2792 2793 3711 3710)
4(2793 293 334 3711)
4(2776 3694 3712 2758)
4(388 2758 3712 429)
4(2777 3695 3713 2759)
4(2758 2759 3713 3712)
4(2778 3696 3714 2760)
4(2759 2760 3714 3713)
4(2779 3697 3715 2761)
4(2760 2761 3715 3714)
4(2780 3698 3716 2762)
4(2761 2762 3716 3715)
4(2781 3699 3717 2763)
4(2762 2763 3717 3716)
4(2782 3700 3718 2764)
4(2763 2764 3718 3717)
4(2783 3701 3719 2765)
4(2764 2765 3719 3718)
4(2784 3702 3720 2766)
4(2765 2766 3720 3719)
4(2785 3703 3721 2767)
4(2766 2767 3721 3720)
4(2786 3704 3722 2768)
4(2767 2768 3722 3721)
4(2787 3705 3723 2769)
4(2768 2769 3723 3722)
4(2788 3706 3724 2770)
4(2769 2770 3724 3723)
4(2789 3707 3725 2771)
4(2770 2771 3725 3724)
4(2790 3708 3726 2772)
4(2771 2772 3726 3725)
4(2791 3709 3727 2773)
4(2772 2773 3727 3726)
4(2792 3710 3728 2774)
4(2773 2774 3728 3727)
4(2793 3711 3729 2775)
4(2774 2775 3729 3728)
4(2775 292 333 3729)
4(2758 3712 3730 2740)
4(389 2740 3730 430)
4(2759 3713 3731 2741)
4(2740 2741 3731 3730)
4(2760 3714 3732 2742)
4(2741 2742 3732 3731)
4(2761 3715 3733 2743)
4(2742 2743 3733 3732)
4(2762 3716 3734 2744)
4(2743 2744 3734 3733)
4(2763 3717 3735 2745)
4(2744 2745 3735 3734)
4(2764 3718 3736 2746)
4(2745 2746 3736 3735)
4(2765 3719 3737 2747)
4(2746 2747 3737 3736)
4(2766 3720 3738 2748)
4(2747 2748 3738 3737)
4(2767 3721 3739 2749)
4(2748 2749 3739 3738)
4(2768 3722 3740 2750)
4(2749 2750 3740 3739)
4(2769 3723 3741 2751)
4(2750 2751 3741 3740)
4(2770 3724 3742 2752)
4(2751 2752 3742 3741)
4(2771 3725 3743 2753)
4(2752 2753 3743 3742)
4(2772 3726 3744 2754)
4(2753 2754 3744 3743)
4(2773 3727 3745 2755)
4(2754 2755 3745 3744)
4(2774 3728 3746 2756)
4(2755 2756 3746 3745)
4(2775 3729 3747 2757)
4(2756 2757 3747 3746)
4(2757 291 332 3747)
4(2740 3730 3748 2722)
4(390 2722 3748 431)
4(2741 3731 3749 2723)
4(2722 2723 3749 3748)
4(2742 3732 3750 2724)
4(2723 2724 3750 3749)
4(2743 3733 3751 2725)
4(2724 2725 3751 3750)
4(2744 3734 3752 2726)
4(2725 2726 3752 3751)
4(2745 3735 3753 2727)
4(2726 2727 3753 3752)
4(2746 3736 3754 2728)
4(2727 2728 3754 3753)
4(2747 3737 3755 2729)
4(2728 2729 3755 3754)
4(2748 3738 3756 2730)
4(2729 2730 3756 3755)
4(2749 3739 3757 2731)
4(2730 2731 3757 3756)
4(2750 3740 3758 2732)
4(2731 2732 3758 3757)
4(2751 3741 3759 2733)
4(2732 2733 3759 3758)
4(2752 3742 3760 2734)
4(2733 2734 3760 3759)
4(2753 3743 3761 2735)
4(2734 2735 3761 3760)
4(2754 3744 3762 2736)
4(2735 2736 3762 3761)
4(2755 3745 3763 2737)
4(2736 2737 3763 3762)
4(2756 3746 3764 2738)
4(2737 2738 3764 3763)
4(2757 3747 3765 2739)
4(2738 2739 3765 3764)
4(2739 290 331 3765)
4(2722 3748 3766 2704)
4(391 2704 3766 432)
4(2723 3749 3767 2705)
4(2704 2705 3767 3766)
4(2724 3750 3768 2706)
4(2705 2706 3768 3767)
4(2725 3751 3769 2707)
4(2706 2707 3769 3768)
4(2726 3752 3770 2708)
4(2707 2708 3770 3769)
4(2727 3753 3771 2709)
4(2708 2709 3771 3770)
4(2728 3754 3772 2710)
4(2709 2710 3772 3771)
4(2729 3755 3773 2711)
4(2710 2711 3773 3772)
4(2730 3756 3774 2712)
4(2711 2712 3774 3773)
4(2731 3757 3775 2713)
4(2712 2713 3775 3774)
4(2732 3758 3776 2714)
4(2713 2714 3776 3775)
4(2733 3759 3777 2715)
4(2714 2715 3777 3776)
4(2734 3760 3778 2716)
4(2715 2716 3778 3777)
4(2735 3761 3779 2717)
4(2716 2717 3779 3778)
4(2736 3762 3780 2718)
4(2717 2718 3780 3779)
4(2737 3763 3781 2719)
4(2718 2719 3781 3780)
4(2738 3764 3782 2720)
4(2719 2720 3782 3781)
4(2739 3765 3783 2721)
4(2720 2721 3783 3782)
4(2721 289 330 3783)
4(2704 3766 3784 2686)
4(392 2686 3784 433)
4(2705 3767 3785 2687)
4(2686 2687 3785 3784)
4(2706 3768 3786 2688)
4(2687 2688 3786 3785)
4(2707 3769 3787 2689)
4(2688 2689 3787 3786)
4(2708 3770 3788 2690)
4(2689 2690 3788 3787)
4(2709 3771 3789 2691)
4(2690 2691 3789 3788)
4(2710 3772 3790 2692)
4(2691 2692 3790 3789)
4(2711 3773 3791 2693)
4(2692 2693 3791 3790)
4(2712 3774 3792 2694)
4(2693 2694 3792 3791)
4(2713 3775 3793 2695)
4(2694 2695 3793 3792)
4(2714 3776 3794 2696)
4(2695 2696 3794 3793)
4(2715 3777 3795 2697)
4(2696 2697 3795 3794)
4(2716 3778 3796 2698)
4(2697 2698 3796 3795)
4(2717 3779 3797 2699)
4(2698 2699 3797 3796)
4(2718 3780 3798 2700)
4(2699 2700 3798 3797)
4(2719 3781 3799 2701)
4(2700 2701 3799 3798)
4(2720 3782 3800 2702)
4(2701 2702 3800 3799)
4(2721 3783 3801 2703)
4(2702 2703 3801 3800)
4(2703 288 329 3801)
4(2686 3784 3802 2668)
4(393 2668 3802 434)
4(2687 3785 3803 2669)
4(2668 2669 3803 3802)
4(2688 3786 3804 2670)
4(2669 2670 3804 3803)
4(2689 3787 3805 2671)
4(2670 2671 3805 3804)
4(2690 3788 3806 2672)
4(2671 2672 3806 3805)
4(2691 3789 3807 2673)
4(2672 2673 3807 3806)
4(2692 3790 3808 2674)
4(2673 2674 3808 3807)
4(2693 3791 3809 2675)
4(2674 2675 3809 3808)
4(2694 3792 3810 2676)
4(2675 2676 3810 3809)
4(2695 3793 3811 2677)
4(2676 2677 3811 3810)
4(2696 3794 3812 2678)
4(2677 2678 3812 3811)
4(2697 3795 3813 2679)
4(2678 2679 3813 3812)
4(2698 3796 3814 2680)
4(2679 2680 3814 3813)
4(2699 3797 3815 2681)
4(2680 2681 3815 3814)
4(2700 3798 3816 2682)
4(2681 2682 3816 3815)
4(2701 3799 3817 2683)
4(2682 2683 3817 3816)
4(2702 3800 3818 2684)
4(2683 2684 3818 3817)
4(2703 3801 3819 2685)
4(2684 2685 3819 3818)
4(2685 287 328 3819)
4(2668 3802 3820 2650)
4(394 2650 3820 435)
4(2669 3803 3821 2651)
4(2650 2651 3821 3820)
4(2670 3804 3822 2652)
4(2651 2652 3822 3821)
4(2671 3805 3823 2653)
4(2652 2653 3823 3822)
4(2672 3806 3824 2654)
4(2653 2654 3824 3823)
4(2673 3807 3825 2655)
4(2654 2655 3825 3824)
4(2674 3808 3826 2656)
4(2655 2656 3826 3825)
4(2675 3809 3827 2657)
4(2656 2657 3827 3826)
4(2676 3810 3828 2658)
4(2657 2658 3828 3827)
4(2677 3811 3829 2659)
4(2658 2659 3829 3828)
4(2678 3812 3830 2660)
4(2659 2660 3830 3829)
4(2679 3813 3831 2661)
4(2660 2661 3831 3830)
4(2680 3814 3832 2662)
4(2661 2662 3832 3831)
4(2681 3815 3833 2663)
4(2662 2663 3833 3832)
4(2682 3816 3834 2664)
4(2663 2664 3834 3833)
4(2683 3817 3835 2665)
4(2664 2665 3835 3834)
4(2684 3818 3836 2666)
4(2665 2666 3836 3835)
4(2685 3819 3837 2667)
4(2666 2667 3837 3836)
4(2667 286 327 3837)
4(2650 3820 3838 2632)
4(395 2632 3838 436)
4(2651 3821 3839 2633)
4(2632 2633 3839 3838)
4(2652 3822 3840 2634)
4(2633 2634 3840 3839)
4(2653 3823 3841 2635)
4(2634 2635 3841 3840)
4(2654 3824 3842 2636)
4(2635 2636 3842 3841)
4(2655 3825 3843 2637)
4(2636 2637 3843 3842)
4(2656 3826 3844 2638)
4(2637 2638 3844 3843)
4(2657 3827 3845 2639)
4(2638 2639 3845 3844)
4(2658 3828 3846 2640)
4(2639 2640 3846 3845)
4(2659 3829 3847 2641)
4(2640 2641 3847 3846)
4(2660 3830 3848 2642)
4(2641 2642 3848 3847)
4(2661 3831 3849 2643)
4(2642 2643 3849 3848)
4(2662 3832 3850 2644)
4(2643 2644 3850 3849)
4(2663 3833 3851 2645)
4(2644 2645 3851 3850)
4(2664 3834 3852 2646)
4(2645 2646 3852 3851)
4(2665 3835 3853 2647)
4(2646 2647 3853 3852)
4(2666 3836 3854 2648)
4(2647 2648 3854 3853)
4(2667 3837 3855 2649)
4(2648 2649 3855 3854)
4(2649 285 326 3855)
4(2632 3838 3856 2614)
4(396 2614 3856 437)
4(2633 3839 3857 2615)
4(2614 2615 3857 3856)
4(2634 3840 3858 2616)
4(2615 2616 3858 3857)
4(2635 3841 3859 2617)
4(2616 2617 3859 3858)
4(2636 3842 3860 2618)
4(2617 2618 3860 3859)
4(2637 3843 3861 2619)
4(2618 2619 3861 3860)
4(2638 3844 3862 2620)
4(2619 2620 3862 3861)
4(2639 3845 3863 2621)
4(2620 2621 3863 3862)
4(2640 3846 3864 2622)
4(2621 2622 3864 3863)
4(2641 3847 3865 2623)
4(2622 2623 3865 3864)
4(2642 3848 3866 2624)
4(2623 2624 3866 3865)
4(2643 3849 3867 2625)
4(2624 2625 3867 3866)
4(2644 3850 3868 2626)
4(2625 2626 3868 3867)
4(2645 3851 3869 2627)
4(2626 2627 3869 3868)
4(2646 3852 3870 2628)
4(2627 2628 3870 3869)
4(2647 3853 3871 2629)
4(2628 2629 3871 3870)
4(2648 3854 3872 2630)
4(2629 2630 3872 3871)
4(2649 3855 3873 2631)
4(2630 2631 3873 3872)
4(2631 284 325 3873)
4(2614 3856 3874 2596)
4(397 2596 3874 438)
4(2615 3857 3875 2597)
4(2596 2597 3875 3874)
4(2616 3858 3876 2598)
4(2597 2598 3876 3875)
4(2617 3859 3877 2599)
4(2598 2599 3877 3876)
4(2618 3860 3878 2600)
4(2599 2600 3878 3877)
4(2619 3861 3879 2601)
4(2600 2601 3879 3878)
4(2620 3862 3880 2602)
4(2601 2602 3880 3879)
4(2621 3863 3881 2603)
4(2602 2603 3881 3880)
4(2622 3864 3882 2604)
4(2603 2604 3882 3881)
4(2623 3865 3883 2605)
4(2604 2605 3883 3882)
4(2624 3866 3884 2606)
4(2605 2606 3884 3883)
4(2625 3867 3885 2607)
4(2606 2607 3885 3884)
4(2626 3868 3886 2608)
4(2607 2608 3886 3885)
4(2627 3869 3887 2609)
4(2608 2609 3887 3886)
4(2628 3870 3888 2610)
4(2609 2610 3888 3887)
4(2629 3871 3889 2611)
4(2610 2611 3889 3888)
4(2630 3872 3890 2612)
4(2611 2612 3890 3889)
4(2631 3873 3891 2613)
4(2612 2613 3891 3890)
4(2613 283 324 3891)
4(2596 3874 3892 2578)
4(398 2578 3892 439)
4(2597 3875 3893 2579)
4(2578 2579 3893 3892)
4(2598 3876 3894 2580)
4(2579 2580 3894 3893)
4(2599 3877 3895 2581)
4(2580 2581 3895 3894)
4(2600 3878 3896 2582)
4(2581 2582 3896 3895)
4(2601 3879 3897 2583)
4(2582 2583 3897 3896)
4(2602 3880 3898 2584)
4(2583 2584 3898 3897)
4(2603 3881 3899 2585)
4(2584 2585 3899 3898)
4(2604 3882 3900 2586)
4(2585 2586 3900 3899)
4(2605 3883 3901 2587)
4(2586 2587 3901 3900)
4(2606 3884 3902 2588)
4(2587 2588 3902 3901)
4(2607 3885 3903 2589)
4(2588 2589 3903 3902)
4(2608 3886 3904 2590)
4(2589 2590 3904 3903)
4(2609 3887 3905 2591)
4(2590 2591 3905 3904)
4(2610 3888 3906 2592)
4(2591 2592 3906 3905)
4(2611 3889 3907 2593)
4(2592 2593 3907 3906)
4(2612 3890 3908 2594)
4(2593 2594 3908 3907)
4(2613 3891 3909 2595)
4(2594 2595 3909 3908)
4(2595 282 323 3909)
4(2578 3892 3910 2560)
4(399 2560 3910 440)
4(2579 3893 3911 2561)
4(2560 2561 3911 3910)
4(2580 3894 3912 2562)
4(2561 2562 3912 3911)
4(2581 3895 3913 2563)
4(2562 2563 3913 3912)
4(2582 3896 3914 2564)
4(2563 2564 3914 3913)
4(2583 3897 3915 2565)
4(2564 2565 3915 3914)
4(2584 3898 3916 2566)
4(2565 2566 3916 3915)
4(2585 3899 3917 2567)
4(2566 2567 3917 3916)
4(2586 3900 3918 2568)
4(2567 2568 3918 3917)
4(2587 3901 3919 2569)
4(2568 2569 3919 3918)
4(2588 3902 3920 2570)
4(2569 2570 3920 3919)
4(2589 3903 3921 2571)
4(2570 2571 3921 3920)
4(2590 3904 3922 2572)
4(2571 2572 3922 3921)
4(2591 3905 3923 2573)
4(2572 2573 3923 3922)
4(2592 3906 3924 2574)
4(2573 2574 3924 3923)
4(2593 3907 3925 2575)
4(2574 2575 3925 3924)
4(2594 3908 3926 2576)
4(2575 2576 3926 3925)
4(2595 3909 3927 2577)
4(2576 2577 3927 3926)
4(2577 281 322 3927)
4(2560 3910 3928 2542)
4(400 2542 3928 441)
4(2561 3911 3929 2543)
4(2542 2543 3929 3928)
4(2562 3912 3930 2544)
4(2543 2544 3930 3929)
4(2563 3913 3931 2545)
4(2544 2545 3931 3930)
4(2564 3914 3932 2546)
4(2545 2546 3932 3931)
4(2565 3915 3933 2547)
4(2546 2547 3933 3932)
4(2566 3916 3934 2548)
4(2547 2548 3934 3933)
4(2567 3917 3935 2549)
4(2548 2549 3935 3934)
4(2568 3918 3936 2550)
4(2549 2550 3936 3935)
4(2569 3919 3937 2551)
4(2550 2551 3937 3936)
4(2570 3920 3938 2552)
4(2551 2552 3938 3937)
4(2571 3921 3939 2553)
4(2552 2553 3939 3938)
4(2572 3922 3940 2554)
4(2553 2554 3940 3939)
4(2573 3923 3941 2555)
4(2554 2555 3941 3940)
4(2574 3924 3942 2556)
4(2555 2556 3942 3941)
4(2575 3925 3943 2557)
4(2556 2557 3943 3942)
4(2576 3926 3944 2558)
4(2557 2558 3944 3943)
4(2577 3927 3945 2559)
4(2558 2559 3945 3944)
4(2559 280 321 3945)
4(2542 3928 3946 2524)
4(401 2524 3946 442)
4(2543 3929 3947 2525)
4(2524 2525 3947 3946)
4(2544 3930 3948 2526)
4(2525 2526 3948 3947)
4(2545 3931 3949 2527)
4(2526 2527 3949 3948)
4(2546 3932 3950 2528)
4(2527 2528 3950 3949)
4(2547 3933 3951 2529)
4(2528 2529 3951 3950)
4(2548 3934 3952 2530)
4(2529 2530 3952 3951)
4(2549 3935 3953 2531)
4(2530 2531 3953 3952)
4(2550 3936 3954 2532)
4(2531 2532 3954 3953)
4(2551 3937 3955 2533)
4(2532 2533 3955 3954)
4(2552 3938 3956 2534)
4(2533 2534 3956 3955)
4(2553 3939 3957 2535)
4(2534 2535 3957 3956)
4(2554 3940 3958 2536)
4(2535 2536 3958 3957)
4(2555 3941 3959 2537)
4(2536 2537 3959 3958)
4(2556 3942 3960 2538)
4(2537 2538 3960 3959)
4(2557 3943 3961 2539)
4(2538 2539 3961 3960)
4(2558 3944 3962 2540)
4(2539 2540 3962 3961)
4(2559 3945 3963 2541)
4(2540 2541 3963 3962)
4(2541 279 320 3963)
4(2524 3946 3964 2506)
4(402 2506 3964 443)
4(2525 3947 3965 2507)
4(2506 2507 3965 3964)
4(2526 3948 3966 2508)
4(2507 2508 3966 3965)
4(2527 3949 3967 2509)
4(2508 2509 3967 3966)
4(2528 3950 3968 2510)
4(2509 2510 3968 3967)
4(2529 3951 3969 2511)
4(2510 2511 3969 3968)
4(2530 3952 3970 2512)
4(2511 2512 3970 3969)
4(2531 3953 3971 2513)
4(2512 2513 3971 3970)
4(2532 3954 3972 2514)
4(2513 2514 3972 3971)
4(2533 3955 3973 2515)
4(2514 2515 3973 3972)
4(2534 3956 3974 2516)
4(2515 2516 3974 3973)
4(2535 3957 3975 2517)
4(2516 2517 3975 3974)
4(2536 3958 3976 2518)
4(2517 2518 3976 3975)
4(2537 3959 3977 2519)
4(2518 2519 3977 3976)
4(2538 3960 3978 2520)
4(2519 2520 3978 3977)
4(2539 3961 3979 2521)
4(2520 2521 3979 3978)
4(2540 3962 3980 2522)
4(2521 2522 3980 3979)
4(2541 3963 3981 2523)
4(2522 2523 3981 3980)
4(2523 278 319 3981)
4(2506 3964 462 444)
4(2507 3965 463 445)
4(2508 3966 464 446)
4(2509 3967 465 447)
4(2510 3968 466 448)
4(2511 3969 467 449)
4(2512 3970 468 450)
4(2513 3971 469 451)
4(2514 3972 470 452)
4(2515 3973 471 453)
4(2516 3974 472 454)
4(2517 3975 473 455)
4(2518 3976 474 456)
4(2519 3977 475 457)
4(2520 3978 476 458)
4(2521 3979 477 459)
4(2522 3980 478 460)
4(2523 3981 479 461)
4(568 571 4048 4045)
4(516 4045 4048 538)
4(567 570 4049 4046)
4(4045 4046 4049 4048)
4(566 569 4050 4047)
4(4046 4047 4050 4049)
4(4047 150 172 4050)
4(4045 4048 4051 4042)
4(517 4042 4051 539)
4(4046 4049 4052 4043)
4(4042 4043 4052 4051)
4(4047 4050 4053 4044)
4(4043 4044 4053 4052)
4(4044 151 173 4053)
4(4042 4051 4054 4039)
4(518 4039 4054 540)
4(4043 4052 4055 4040)
4(4039 4040 4055 4054)
4(4044 4053 4056 4041)
4(4040 4041 4056 4055)
4(4041 152 174 4056)
4(4039 4054 4057 4036)
4(519 4036 4057 541)
4(4040 4055 4058 4037)
4(4036 4037 4058 4057)
4(4041 4056 4059 4038)
4(4037 4038 4059 4058)
4(4038 153 175 4059)
4(4036 4057 4060 4033)
4(520 4033 4060 542)
4(4037 4058 4061 4034)
4(4033 4034 4061 4060)
4(4038 4059 4062 4035)
4(4034 4035 4062 4061)
4(4035 154 176 4062)
4(4033 4060 4063 4030)
4(521 4030 4063 543)
4(4034 4061 4064 4031)
4(4030 4031 4064 4063)
4(4035 4062 4065 4032)
4(4031 4032 4065 4064)
4(4032 155 177 4065)
4(4030 4063 4066 4027)
4(522 4027 4066 544)
4(4031 4064 4067 4028)
4(4027 4028 4067 4066)
4(4032 4065 4068 4029)
4(4028 4029 4068 4067)
4(4029 156 178 4068)
4(4027 4066 4069 4024)
4(523 4024 4069 545)
4(4028 4067 4070 4025)
4(4024 4025 4070 4069)
4(4029 4068 4071 4026)
4(4025 4026 4071 4070)
4(4026 157 179 4071)
4(4024 4069 4072 4021)
4(524 4021 4072 546)
4(4025 4070 4073 4022)
4(4021 4022 4073 4072)
4(4026 4071 4074 4023)
4(4022 4023 4074 4073)
4(4023 158 180 4074)
4(4021 4072 4075 4018)
4(525 4018 4075 547)
4(4022 4073 4076 4019)
4(4018 4019 4076 4075)
4(4023 4074 4077 4020)
4(4019 4020 4077 4076)
4(4020 159 181 4077)
4(4018 4075 4078 4015)
4(526 4015 4078 548)
4(4019 4076 4079 4016)
4(4015 4016 4079 4078)
4(4020 4077 4080 4017)
4(4016 4017 4080 4079)
4(4017 160 182 4080)
4(4015 4078 4081 4012)
4(527 4012 4081 549)
4(4016 4079 4082 4013)
4(4012 4013 4082 4081)
4(4017 4080 4083 4014)
4(4013 4014 4083 4082)
4(4014 161 183 4083)
4(4012 4081 4084 4009)
4(528 4009 4084 550)
4(4013 4082 4085 4010)
4(4009 4010 4085 4084)
4(4014 4083 4086 4011)
4(4010 4011 4086 4085)
4(4011 162 184 4086)
4(4009 4084 4087 4006)
4(529 4006 4087 551)
4(4010 4085 4088 4007)
4(4006 4007 4088 4087)
4(4011 4086 4089 4008)
4(4007 4008 4089 4088)
4(4008 163 185 4089)
4(4006 4087 4090 4003)
4(530 4003 4090 552)
4(4007 4088 4091 4004)
4(4003 4004 4091 4090)
4(4008 4089 4092 4005)
4(4004 4005 4092 4091)
4(4005 164 186 4092)
4(4003 4090 4093 4000)
4(531 4000 4093 553)
4(4004 4091 4094 4001)
4(4000 4001 4094 4093)
4(4005 4092 4095 4002)
4(4001 4002 4095 4094)
4(4002 165 187 4095)
4(4000 4093 4096 3997)
4(532 3997 4096 554)
4(4001 4094 4097 3998)
4(3997 3998 4097 4096)
4(4002 4095 4098 3999)
4(3998 3999 4098 4097)
4(3999 166 188 4098)
4(3997 4096 4099 3994)
4(533 3994 4099 555)
4(3998 4097 4100 3995)
4(3994 3995 4100 4099)
4(3999 4098 4101 3996)
4(3995 3996 4101 4100)
4(3996 167 189 4101)
4(3994 4099 4102 3991)
4(534 3991 4102 556)
4(3995 4100 4103 3992)
4(3991 3992 4103 4102)
4(3996 4101 4104 3993)
4(3992 3993 4104 4103)
4(3993 168 190 4104)
4(3991 4102 4105 3988)
4(535 3988 4105 557)
4(3992 4103 4106 3989)
4(3988 3989 4106 4105)
4(3993 4104 4107 3990)
4(3989 3990 4107 4106)
4(3990 169 191 4107)
4(3988 4105 4108 3985)
4(536 3985 4108 558)
4(3989 4106 4109 3986)
4(3985 3986 4109 4108)
4(3990 4107 4110 3987)
4(3986 3987 4110 4109)
4(3987 170 192 4110)
4(3985 4108 4111 3982)
4(537 3982 4111 559)
4(3986 4109 4112 3983)
4(3982 3983 4112 4111)
4(3987 4110 4113 3984)
4(3983 3984 4113 4112)
4(3984 171 193 4113)
4(3982 4111 563 560)
4(3983 4112 564 561)
4(3984 4113 565 562)
4(480 498 4168 4150)
4(572 4150 4168 575)
4(481 499 4169 4151)
4(4150 4151 4169 4168)
4(482 500 4170 4152)
4(4151 4152 4170 4169)
4(483 501 4171 4153)
4(4152 4153 4171 4170)
4(484 502 4172 4154)
4(4153 4154 4172 4171)
4(485 503 4173 4155)
4(4154 4155 4173 4172)
4(486 504 4174 4156)
4(4155 4156 4174 4173)
4(487 505 4175 4157)
4(4156 4157 4175 4174)
4(488 506 4176 4158)
4(4157 4158 4176 4175)
4(489 507 4177 4159)
4(4158 4159 4177 4176)
4(490 508 4178 4160)
4(4159 4160 4178 4177)
4(491 509 4179 4161)
4(4160 4161 4179 4178)
4(492 510 4180 4162)
4(4161 4162 4180 4179)
4(493 511 4181 4163)
4(4162 4163 4181 4180)
4(494 512 4182 4164)
4(4163 4164 4182 4181)
4(495 513 4183 4165)
4(4164 4165 4183 4182)
4(496 514 4184 4166)
4(4165 4166 4184 4183)
4(497 515 4185 4167)
4(4166 4167 4185 4184)
4(4167 616 619 4185)
4(4150 4168 4186 4132)
4(573 4132 4186 576)
4(4151 4169 4187 4133)
4(4132 4133 4187 4186)
4(4152 4170 4188 4134)
4(4133 4134 4188 4187)
4(4153 4171 4189 4135)
4(4134 4135 4189 4188)
4(4154 4172 4190 4136)
4(4135 4136 4190 4189)
4(4155 4173 4191 4137)
4(4136 4137 4191 4190)
4(4156 4174 4192 4138)
4(4137 4138 4192 4191)
4(4157 4175 4193 4139)
4(4138 4139 4193 4192)
4(4158 4176 4194 4140)
4(4139 4140 4194 4193)
4(4159 4177 4195 4141)
4(4140 4141 4195 4194)
4(4160 4178 4196 4142)
4(4141 4142 4196 4195)
4(4161 4179 4197 4143)
4(4142 4143 4197 4196)
4(4162 4180 4198 4144)
4(4143 4144 4198 4197)
4(4163 4181 4199 4145)
4(4144 4145 4199 4198)
4(4164 4182 4200 4146)
4(4145 4146 4200 4199)
4(4165 4183 4201 4147)
4(4146 4147 4201 4200)
4(4166 4184 4202 4148)
4(4147 4148 4202 4201)
4(4167 4185 4203 4149)
4(4148 4149 4203 4202)
4(4149 615 618 4203)
4(4132 4186 4204 4114)
4(574 4114 4204 577)
4(4133 4187 4205 4115)
4(4114 4115 4205 4204)
4(4134 4188 4206 4116)
4(4115 4116 4206 4205)
4(4135 4189 4207 4117)
4(4116 4117 4207 4206)
4(4136 4190 4208 4118)
4(4117 4118 4208 4207)
4(4137 4191 4209 4119)
4(4118 4119 4209 4208)
4(4138 4192 4210 4120)
4(4119 4120 4210 4209)
4(4139 4193 4211 4121)
4(4120 4121 4211 4210)
4(4140 4194 4212 4122)
4(4121 4122 4212 4211)
4(4141 4195 4213 4123)
4(4122 4123 4213 4212)
4(4142 4196 4214 4124)
4(4123 4124 4214 4213)
4(4143 4197 4215 4125)
4(4124 4125 4215 4214)
4(4144 4198 4216 4126)
4(4125 4126 4216 4215)
4(4145 4199 4217 4127)
4(4126 4127 4217 4216)
4(4146 4200 4218 4128)
4(4127 4128 4218 4217)
4(4147 4201 4219 4129)
4(4128 4129 4219 4218)
4(4148 4202 4220 4130)
4(4129 4130 4220 4219)
4(4149 4203 4221 4131)
4(4130 4131 4221 4220)
4(4131 614 617 4221)
4(4114 4204 596 578)
4(4115 4205 597 579)
4(4116 4206 598 580)
4(4117 4207 599 581)
4(4118 4208 600 582)
4(4119 4209 601 583)
4(4120 4210 602 584)
4(4121 4211 603 585)
4(4122 4212 604 586)
4(4123 4213 605 587)
4(4124 4214 606 588)
4(4125 4215 607 589)
4(4126 4216 608 590)
4(4127 4217 609 591)
4(4128 4218 610 592)
4(4129 4219 611 593)
4(4130 4220 612 594)
4(4131 4221 613 595)
4(2 68 109 3)
4(68 69 110 109)
4(69 70 111 110)
4(70 71 112 111)
4(71 72 113 112)
4(72 73 114 113)
4(73 74 115 114)
4(74 75 116 115)
4(75 76 117 116)
4(76 77 118 117)
4(77 78 119 118)
4(78 79 120 119)
4(79 80 121 120)
4(80 81 122 121)
4(81 82 123 122)
4(82 83 124 123)
4(83 84 125 124)
4(84 85 126 125)
4(85 86 127 126)
4(86 87 128 127)
4(87 88 129 128)
4(88 89 130 129)
4(89 90 131 130)
4(90 91 132 131)
4(91 92 133 132)
4(92 93 134 133)
4(93 94 135 134)
4(94 95 136 135)
4(95 96 137 136)
4(96 97 138 137)
4(97 98 139 138)
4(98 99 140 139)
4(99 100 141 140)
4(100 101 142 141)
4(101 102 143 142)
4(102 103 144 143)
4(103 104 145 144)
4(104 105 146 145)
4(105 106 147 146)
4(106 107 148 147)
4(107 108 149 148)
4(108 4 5 149)
4(566 569 5 4)
4(567 570 569 566)
4(568 571 570 567)
4(16 17 571 568)
4(14 444 462 15)
4(444 445 463 462)
4(445 446 464 463)
4(446 447 465 464)
4(447 448 466 465)
4(448 449 467 466)
4(449 450 468 467)
4(450 451 469 468)
4(451 452 470 469)
4(452 453 471 470)
4(453 454 472 471)
4(454 455 473 472)
4(455 456 474 473)
4(456 457 475 474)
4(457 458 476 475)
4(458 459 477 476)
4(459 460 478 477)
4(460 461 479 478)
4(461 10 11 479)
4(0 24 46 1)
4(24 25 47 46)
4(25 26 48 47)
4(26 27 49 48)
4(27 28 50 49)
4(28 29 51 50)
4(29 30 52 51)
4(30 31 53 52)
4(31 32 54 53)
4(32 33 55 54)
4(33 34 56 55)
4(34 35 57 56)
4(35 36 58 57)
4(36 37 59 58)
4(37 38 60 59)
4(38 39 61 60)
4(39 40 62 61)
4(40 41 63 62)
4(41 42 64 63)
4(42 43 65 64)
4(43 44 66 65)
4(44 45 67 66)
4(45 2 3 67)
4(360 361 11 10)
4(0 1 361 360)
4(614 617 23 22)
4(615 618 617 614)
4(616 619 618 615)
4(12 13 619 616)
4(12 362 403 13)
4(362 363 404 403)
4(363 364 405 404)
4(364 365 406 405)
4(365 366 407 406)
4(366 367 408 407)
4(367 368 409 408)
4(368 369 410 409)
4(369 370 411 410)
4(370 371 412 411)
4(371 372 413 412)
4(372 373 414 413)
4(373 374 415 414)
4(374 375 416 415)
4(375 376 417 416)
4(376 377 418 417)
4(377 378 419 418)
4(378 379 420 419)
4(379 380 421 420)
4(380 381 422 421)
4(381 382 423 422)
4(382 383 424 423)
4(383 384 425 424)
4(384 385 426 425)
4(385 386 427 426)
4(386 387 428 427)
4(387 388 429 428)
4(388 389 430 429)
4(389 390 431 430)
4(390 391 432 431)
4(391 392 433 432)
4(392 393 434 433)
4(393 394 435 434)
4(394 395 436 435)
4(395 396 437 436)
4(396 397 438 437)
4(397 398 439 438)
4(398 399 440 439)
4(399 400 441 440)
4(400 401 442 441)
4(401 402 443 442)
4(402 14 15 443)
4(16 516 538 17)
4(516 517 539 538)
4(517 518 540 539)
4(518 519 541 540)
4(519 520 542 541)
4(520 521 543 542)
4(521 522 544 543)
4(522 523 545 544)
4(523 524 546 545)
4(524 525 547 546)
4(525 526 548 547)
4(526 527 549 548)
4(527 528 550 549)
4(528 529 551 550)
4(529 530 552 551)
4(530 531 553 552)
4(531 532 554 553)
4(532 533 555 554)
4(533 534 556 555)
4(534 535 557 556)
4(535 536 558 557)
4(536 537 559 558)
4(537 18 19 559)
4(18 560 563 19)
4(560 561 564 563)
4(561 562 565 564)
4(562 6 7 565)
4(20 578 596 21)
4(578 579 597 596)
4(579 580 598 597)
4(580 581 599 598)
4(581 582 600 599)
4(582 583 601 600)
4(583 584 602 601)
4(584 585 603 602)
4(585 586 604 603)
4(586 587 605 604)
4(587 588 606 605)
4(588 589 607 606)
4(589 590 608 607)
4(590 591 609 608)
4(591 592 610 609)
4(592 593 611 610)
4(593 594 612 611)
4(594 595 613 612)
4(595 22 23 613)
4(6 276 277 7)
4(276 8 9 277)
4(8 572 575 9)
4(572 573 576 575)
4(573 574 577 576)
4(574 20 21 577)
4(0 194 1481 24)
4(1 46 1522 235)
4(194 195 1482 1481)
4(235 1522 1523 236)
4(195 196 1483 1482)
4(236 1523 1524 237)
4(196 197 1484 1483)
4(237 1524 1525 238)
4(197 198 1485 1484)
4(238 1525 1526 239)
4(198 199 1486 1485)
4(239 1526 1527 240)
4(199 200 1487 1486)
4(240 1527 1528 241)
4(200 201 1488 1487)
4(241 1528 1529 242)
4(201 202 1489 1488)
4(242 1529 1530 243)
4(202 203 1490 1489)
4(243 1530 1531 244)
4(203 204 1491 1490)
4(244 1531 1532 245)
4(204 205 1492 1491)
4(245 1532 1533 246)
4(205 206 1493 1492)
4(246 1533 1534 247)
4(206 207 1494 1493)
4(247 1534 1535 248)
4(207 208 1495 1494)
4(248 1535 1536 249)
4(208 209 1496 1495)
4(249 1536 1537 250)
4(209 210 1497 1496)
4(250 1537 1538 251)
4(210 211 1498 1497)
4(251 1538 1539 252)
4(211 212 1499 1498)
4(252 1539 1540 253)
4(212 213 1500 1499)
4(253 1540 1541 254)
4(213 214 1501 1500)
4(254 1541 1542 255)
4(214 215 1502 1501)
4(255 1542 1543 256)
4(215 216 1503 1502)
4(256 1543 1544 257)
4(216 217 1504 1503)
4(257 1544 1545 258)
4(217 218 1505 1504)
4(258 1545 1546 259)
4(218 219 1506 1505)
4(259 1546 1547 260)
4(219 220 1507 1506)
4(260 1547 1548 261)
4(220 221 1508 1507)
4(261 1548 1549 262)
4(221 222 1509 1508)
4(262 1549 1550 263)
4(222 223 1510 1509)
4(263 1550 1551 264)
4(223 224 1511 1510)
4(264 1551 1552 265)
4(224 225 1512 1511)
4(265 1552 1553 266)
4(225 226 1513 1512)
4(266 1553 1554 267)
4(226 227 1514 1513)
4(267 1554 1555 268)
4(227 228 1515 1514)
4(268 1555 1556 269)
4(228 229 1516 1515)
4(269 1556 1557 270)
4(229 230 1517 1516)
4(270 1557 1558 271)
4(230 231 1518 1517)
4(271 1558 1559 272)
4(231 232 1519 1518)
4(272 1559 1560 273)
4(232 233 1520 1519)
4(273 1560 1561 274)
4(233 234 1521 1520)
4(274 1561 1562 275)
4(234 6 171 1521)
4(275 1562 193 7)
4(24 1481 1440 25)
4(46 47 1563 1522)
4(1481 1482 1441 1440)
4(1522 1563 1564 1523)
4(1482 1483 1442 1441)
4(1523 1564 1565 1524)
4(1483 1484 1443 1442)
4(1524 1565 1566 1525)
4(1484 1485 1444 1443)
4(1525 1566 1567 1526)
4(1485 1486 1445 1444)
4(1526 1567 1568 1527)
4(1486 1487 1446 1445)
4(1527 1568 1569 1528)
4(1487 1488 1447 1446)
4(1528 1569 1570 1529)
4(1488 1489 1448 1447)
4(1529 1570 1571 1530)
4(1489 1490 1449 1448)
4(1530 1571 1572 1531)
4(1490 1491 1450 1449)
4(1531 1572 1573 1532)
4(1491 1492 1451 1450)
4(1532 1573 1574 1533)
4(1492 1493 1452 1451)
4(1533 1574 1575 1534)
4(1493 1494 1453 1452)
4(1534 1575 1576 1535)
4(1494 1495 1454 1453)
4(1535 1576 1577 1536)
4(1495 1496 1455 1454)
4(1536 1577 1578 1537)
4(1496 1497 1456 1455)
4(1537 1578 1579 1538)
4(1497 1498 1457 1456)
4(1538 1579 1580 1539)
4(1498 1499 1458 1457)
4(1539 1580 1581 1540)
4(1499 1500 1459 1458)
4(1540 1581 1582 1541)
4(1500 1501 1460 1459)
4(1541 1582 1583 1542)
4(1501 1502 1461 1460)
4(1542 1583 1584 1543)
4(1502 1503 1462 1461)
4(1543 1584 1585 1544)
4(1503 1504 1463 1462)
4(1544 1585 1586 1545)
4(1504 1505 1464 1463)
4(1545 1586 1587 1546)
4(1505 1506 1465 1464)
4(1546 1587 1588 1547)
4(1506 1507 1466 1465)
4(1547 1588 1589 1548)
4(1507 1508 1467 1466)
4(1548 1589 1590 1549)
4(1508 1509 1468 1467)
4(1549 1590 1591 1550)
4(1509 1510 1469 1468)
4(1550 1591 1592 1551)
4(1510 1511 1470 1469)
4(1551 1592 1593 1552)
4(1511 1512 1471 1470)
4(1552 1593 1594 1553)
4(1512 1513 1472 1471)
4(1553 1594 1595 1554)
4(1513 1514 1473 1472)
4(1554 1595 1596 1555)
4(1514 1515 1474 1473)
4(1555 1596 1597 1556)
4(1515 1516 1475 1474)
4(1556 1597 1598 1557)
4(1516 1517 1476 1475)
4(1557 1598 1599 1558)
4(1517 1518 1477 1476)
4(1558 1599 1600 1559)
4(1518 1519 1478 1477)
4(1559 1600 1601 1560)
4(1519 1520 1479 1478)
4(1560 1601 1602 1561)
4(1520 1521 1480 1479)
4(1561 1602 1603 1562)
4(1521 171 170 1480)
4(1562 1603 192 193)
4(25 1440 1399 26)
4(47 48 1604 1563)
4(1440 1441 1400 1399)
4(1563 1604 1605 1564)
4(1441 1442 1401 1400)
4(1564 1605 1606 1565)
4(1442 1443 1402 1401)
4(1565 1606 1607 1566)
4(1443 1444 1403 1402)
4(1566 1607 1608 1567)
4(1444 1445 1404 1403)
4(1567 1608 1609 1568)
4(1445 1446 1405 1404)
4(1568 1609 1610 1569)
4(1446 1447 1406 1405)
4(1569 1610 1611 1570)
4(1447 1448 1407 1406)
4(1570 1611 1612 1571)
4(1448 1449 1408 1407)
4(1571 1612 1613 1572)
4(1449 1450 1409 1408)
4(1572 1613 1614 1573)
4(1450 1451 1410 1409)
4(1573 1614 1615 1574)
4(1451 1452 1411 1410)
4(1574 1615 1616 1575)
4(1452 1453 1412 1411)
4(1575 1616 1617 1576)
4(1453 1454 1413 1412)
4(1576 1617 1618 1577)
4(1454 1455 1414 1413)
4(1577 1618 1619 1578)
4(1455 1456 1415 1414)
4(1578 1619 1620 1579)
4(1456 1457 1416 1415)
4(1579 1620 1621 1580)
4(1457 1458 1417 1416)
4(1580 1621 1622 1581)
4(1458 1459 1418 1417)
4(1581 1622 1623 1582)
4(1459 1460 1419 1418)
4(1582 1623 1624 1583)
4(1460 1461 1420 1419)
4(1583 1624 1625 1584)
4(1461 1462 1421 1420)
4(1584 1625 1626 1585)
4(1462 1463 1422 1421)
4(1585 1626 1627 1586)
4(1463 1464 1423 1422)
4(1586 1627 1628 1587)
4(1464 1465 1424 1423)
4(1587 1628 1629 1588)
4(1465 1466 1425 1424)
4(1588 1629 1630 1589)
4(1466 1467 1426 1425)
4(1589 1630 1631 1590)
4(1467 1468 1427 1426)
4(1590 1631 1632 1591)
4(1468 1469 1428 1427)
4(1591 1632 1633 1592)
4(1469 1470 1429 1428)
4(1592 1633 1634 1593)
4(1470 1471 1430 1429)
4(1593 1634 1635 1594)
4(1471 1472 1431 1430)
4(1594 1635 1636 1595)
4(1472 1473 1432 1431)
4(1595 1636 1637 1596)
4(1473 1474 1433 1432)
4(1596 1637 1638 1597)
4(1474 1475 1434 1433)
4(1597 1638 1639 1598)
4(1475 1476 1435 1434)
4(1598 1639 1640 1599)
4(1476 1477 1436 1435)
4(1599 1640 1641 1600)
4(1477 1478 1437 1436)
4(1600 1641 1642 1601)
4(1478 1479 1438 1437)
4(1601 1642 1643 1602)
4(1479 1480 1439 1438)
4(1602 1643 1644 1603)
4(1480 170 169 1439)
4(1603 1644 191 192)
4(26 1399 1358 27)
4(48 49 1645 1604)
4(1399 1400 1359 1358)
4(1604 1645 1646 1605)
4(1400 1401 1360 1359)
4(1605 1646 1647 1606)
4(1401 1402 1361 1360)
4(1606 1647 1648 1607)
4(1402 1403 1362 1361)
4(1607 1648 1649 1608)
4(1403 1404 1363 1362)
4(1608 1649 1650 1609)
4(1404 1405 1364 1363)
4(1609 1650 1651 1610)
4(1405 1406 1365 1364)
4(1610 1651 1652 1611)
4(1406 1407 1366 1365)
4(1611 1652 1653 1612)
4(1407 1408 1367 1366)
4(1612 1653 1654 1613)
4(1408 1409 1368 1367)
4(1613 1654 1655 1614)
4(1409 1410 1369 1368)
4(1614 1655 1656 1615)
4(1410 1411 1370 1369)
4(1615 1656 1657 1616)
4(1411 1412 1371 1370)
4(1616 1657 1658 1617)
4(1412 1413 1372 1371)
4(1617 1658 1659 1618)
4(1413 1414 1373 1372)
4(1618 1659 1660 1619)
4(1414 1415 1374 1373)
4(1619 1660 1661 1620)
4(1415 1416 1375 1374)
4(1620 1661 1662 1621)
4(1416 1417 1376 1375)
4(1621 1662 1663 1622)
4(1417 1418 1377 1376)
4(1622 1663 1664 1623)
4(1418 1419 1378 1377)
4(1623 1664 1665 1624)
4(1419 1420 1379 1378)
4(1624 1665 1666 1625)
4(1420 1421 1380 1379)
4(1625 1666 1667 1626)
4(1421 1422 1381 1380)
4(1626 1667 1668 1627)
4(1422 1423 1382 1381)
4(1627 1668 1669 1628)
4(1423 1424 1383 1382)
4(1628 1669 1670 1629)
4(1424 1425 1384 1383)
4(1629 1670 1671 1630)
4(1425 1426 1385 1384)
4(1630 1671 1672 1631)
4(1426 1427 1386 1385)
4(1631 1672 1673 1632)
4(1427 1428 1387 1386)
4(1632 1673 1674 1633)
4(1428 1429 1388 1387)
4(1633 1674 1675 1634)
4(1429 1430 1389 1388)
4(1634 1675 1676 1635)
4(1430 1431 1390 1389)
4(1635 1676 1677 1636)
4(1431 1432 1391 1390)
4(1636 1677 1678 1637)
4(1432 1433 1392 1391)
4(1637 1678 1679 1638)
4(1433 1434 1393 1392)
4(1638 1679 1680 1639)
4(1434 1435 1394 1393)
4(1639 1680 1681 1640)
4(1435 1436 1395 1394)
4(1640 1681 1682 1641)
4(1436 1437 1396 1395)
4(1641 1682 1683 1642)
4(1437 1438 1397 1396)
4(1642 1683 1684 1643)
4(1438 1439 1398 1397)
4(1643 1684 1685 1644)
4(1439 169 168 1398)
4(1644 1685 190 191)
4(27 1358 1317 28)
4(49 50 1686 1645)
4(1358 1359 1318 1317)
4(1645 1686 1687 1646)
4(1359 1360 1319 1318)
4(1646 1687 1688 1647)
4(1360 1361 1320 1319)
4(1647 1688 1689 1648)
4(1361 1362 1321 1320)
4(1648 1689 1690 1649)
4(1362 1363 1322 1321)
4(1649 1690 1691 1650)
4(1363 1364 1323 1322)
4(1650 1691 1692 1651)
4(1364 1365 1324 1323)
4(1651 1692 1693 1652)
4(1365 1366 1325 1324)
4(1652 1693 1694 1653)
4(1366 1367 1326 1325)
4(1653 1694 1695 1654)
4(1367 1368 1327 1326)
4(1654 1695 1696 1655)
4(1368 1369 1328 1327)
4(1655 1696 1697 1656)
4(1369 1370 1329 1328)
4(1656 1697 1698 1657)
4(1370 1371 1330 1329)
4(1657 1698 1699 1658)
4(1371 1372 1331 1330)
4(1658 1699 1700 1659)
4(1372 1373 1332 1331)
4(1659 1700 1701 1660)
4(1373 1374 1333 1332)
4(1660 1701 1702 1661)
4(1374 1375 1334 1333)
4(1661 1702 1703 1662)
4(1375 1376 1335 1334)
4(1662 1703 1704 1663)
4(1376 1377 1336 1335)
4(1663 1704 1705 1664)
4(1377 1378 1337 1336)
4(1664 1705 1706 1665)
4(1378 1379 1338 1337)
4(1665 1706 1707 1666)
4(1379 1380 1339 1338)
4(1666 1707 1708 1667)
4(1380 1381 1340 1339)
4(1667 1708 1709 1668)
4(1381 1382 1341 1340)
4(1668 1709 1710 1669)
4(1382 1383 1342 1341)
4(1669 1710 1711 1670)
4(1383 1384 1343 1342)
4(1670 1711 1712 1671)
4(1384 1385 1344 1343)
4(1671 1712 1713 1672)
4(1385 1386 1345 1344)
4(1672 1713 1714 1673)
4(1386 1387 1346 1345)
4(1673 1714 1715 1674)
4(1387 1388 1347 1346)
4(1674 1715 1716 1675)
4(1388 1389 1348 1347)
4(1675 1716 1717 1676)
4(1389 1390 1349 1348)
4(1676 1717 1718 1677)
4(1390 1391 1350 1349)
4(1677 1718 1719 1678)
4(1391 1392 1351 1350)
4(1678 1719 1720 1679)
4(1392 1393 1352 1351)
4(1679 1720 1721 1680)
4(1393 1394 1353 1352)
4(1680 1721 1722 1681)
4(1394 1395 1354 1353)
4(1681 1722 1723 1682)
4(1395 1396 1355 1354)
4(1682 1723 1724 1683)
4(1396 1397 1356 1355)
4(1683 1724 1725 1684)
4(1397 1398 1357 1356)
4(1684 1725 1726 1685)
4(1398 168 167 1357)
4(1685 1726 189 190)
4(28 1317 1276 29)
4(50 51 1727 1686)
4(1317 1318 1277 1276)
4(1686 1727 1728 1687)
4(1318 1319 1278 1277)
4(1687 1728 1729 1688)
4(1319 1320 1279 1278)
4(1688 1729 1730 1689)
4(1320 1321 1280 1279)
4(1689 1730 1731 1690)
4(1321 1322 1281 1280)
4(1690 1731 1732 1691)
4(1322 1323 1282 1281)
4(1691 1732 1733 1692)
4(1323 1324 1283 1282)
4(1692 1733 1734 1693)
4(1324 1325 1284 1283)
4(1693 1734 1735 1694)
4(1325 1326 1285 1284)
4(1694 1735 1736 1695)
4(1326 1327 1286 1285)
4(1695 1736 1737 1696)
4(1327 1328 1287 1286)
4(1696 1737 1738 1697)
4(1328 1329 1288 1287)
4(1697 1738 1739 1698)
4(1329 1330 1289 1288)
4(1698 1739 1740 1699)
4(1330 1331 1290 1289)
4(1699 1740 1741 1700)
4(1331 1332 1291 1290)
4(1700 1741 1742 1701)
4(1332 1333 1292 1291)
4(1701 1742 1743 1702)
4(1333 1334 1293 1292)
4(1702 1743 1744 1703)
4(1334 1335 1294 1293)
4(1703 1744 1745 1704)
4(1335 1336 1295 1294)
4(1704 1745 1746 1705)
4(1336 1337 1296 1295)
4(1705 1746 1747 1706)
4(1337 1338 1297 1296)
4(1706 1747 1748 1707)
4(1338 1339 1298 1297)
4(1707 1748 1749 1708)
4(1339 1340 1299 1298)
4(1708 1749 1750 1709)
4(1340 1341 1300 1299)
4(1709 1750 1751 1710)
4(1341 1342 1301 1300)
4(1710 1751 1752 1711)
4(1342 1343 1302 1301)
4(1711 1752 1753 1712)
4(1343 1344 1303 1302)
4(1712 1753 1754 1713)
4(1344 1345 1304 1303)
4(1713 1754 1755 1714)
4(1345 1346 1305 1304)
4(1714 1755 1756 1715)
4(1346 1347 1306 1305)
4(1715 1756 1757 1716)
4(1347 1348 1307 1306)
4(1716 1757 1758 1717)
4(1348 1349 1308 1307)
4(1717 1758 1759 1718)
4(1349 1350 1309 1308)
4(1718 1759 1760 1719)
4(1350 1351 1310 1309)
4(1719 1760 1761 1720)
4(1351 1352 1311 1310)
4(1720 1761 1762 1721)
4(1352 1353 1312 1311)
4(1721 1762 1763 1722)
4(1353 1354 1313 1312)
4(1722 1763 1764 1723)
4(1354 1355 1314 1313)
4(1723 1764 1765 1724)
4(1355 1356 1315 1314)
4(1724 1765 1766 1725)
4(1356 1357 1316 1315)
4(1725 1766 1767 1726)
4(1357 167 166 1316)
4(1726 1767 188 189)
4(29 1276 1235 30)
4(51 52 1768 1727)
4(1276 1277 1236 1235)
4(1727 1768 1769 1728)
4(1277 1278 1237 1236)
4(1728 1769 1770 1729)
4(1278 1279 1238 1237)
4(1729 1770 1771 1730)
4(1279 1280 1239 1238)
4(1730 1771 1772 1731)
4(1280 1281 1240 1239)
4(1731 1772 1773 1732)
4(1281 1282 1241 1240)
4(1732 1773 1774 1733)
4(1282 1283 1242 1241)
4(1733 1774 1775 1734)
4(1283 1284 1243 1242)
4(1734 1775 1776 1735)
4(1284 1285 1244 1243)
4(1735 1776 1777 1736)
4(1285 1286 1245 1244)
4(1736 1777 1778 1737)
4(1286 1287 1246 1245)
4(1737 1778 1779 1738)
4(1287 1288 1247 1246)
4(1738 1779 1780 1739)
4(1288 1289 1248 1247)
4(1739 1780 1781 1740)
4(1289 1290 1249 1248)
4(1740 1781 1782 1741)
4(1290 1291 1250 1249)
4(1741 1782 1783 1742)
4(1291 1292 1251 1250)
4(1742 1783 1784 1743)
4(1292 1293 1252 1251)
4(1743 1784 1785 1744)
4(1293 1294 1253 1252)
4(1744 1785 1786 1745)
4(1294 1295 1254 1253)
4(1745 1786 1787 1746)
4(1295 1296 1255 1254)
4(1746 1787 1788 1747)
4(1296 1297 1256 1255)
4(1747 1788 1789 1748)
4(1297 1298 1257 1256)
4(1748 1789 1790 1749)
4(1298 1299 1258 1257)
4(1749 1790 1791 1750)
4(1299 1300 1259 1258)
4(1750 1791 1792 1751)
4(1300 1301 1260 1259)
4(1751 1792 1793 1752)
4(1301 1302 1261 1260)
4(1752 1793 1794 1753)
4(1302 1303 1262 1261)
4(1753 1794 1795 1754)
4(1303 1304 1263 1262)
4(1754 1795 1796 1755)
4(1304 1305 1264 1263)
4(1755 1796 1797 1756)
4(1305 1306 1265 1264)
4(1756 1797 1798 1757)
4(1306 1307 1266 1265)
4(1757 1798 1799 1758)
4(1307 1308 1267 1266)
4(1758 1799 1800 1759)
4(1308 1309 1268 1267)
4(1759 1800 1801 1760)
4(1309 1310 1269 1268)
4(1760 1801 1802 1761)
4(1310 1311 1270 1269)
4(1761 1802 1803 1762)
4(1311 1312 1271 1270)
4(1762 1803 1804 1763)
4(1312 1313 1272 1271)
4(1763 1804 1805 1764)
4(1313 1314 1273 1272)
4(1764 1805 1806 1765)
4(1314 1315 1274 1273)
4(1765 1806 1807 1766)
4(1315 1316 1275 1274)
4(1766 1807 1808 1767)
4(1316 166 165 1275)
4(1767 1808 187 188)
4(30 1235 1194 31)
4(52 53 1809 1768)
4(1235 1236 1195 1194)
4(1768 1809 1810 1769)
4(1236 1237 1196 1195)
4(1769 1810 1811 1770)
4(1237 1238 1197 1196)
4(1770 1811 1812 1771)
4(1238 1239 1198 1197)
4(1771 1812 1813 1772)
4(1239 1240 1199 1198)
4(1772 1813 1814 1773)
4(1240 1241 1200 1199)
4(1773 1814 1815 1774)
4(1241 1242 1201 1200)
4(1774 1815 1816 1775)
4(1242 1243 1202 1201)
4(1775 1816 1817 1776)
4(1243 1244 1203 1202)
4(1776 1817 1818 1777)
4(1244 1245 1204 1203)
4(1777 1818 1819 1778)
4(1245 1246 1205 1204)
4(1778 1819 1820 1779)
4(1246 1247 1206 1205)
4(1779 1820 1821 1780)
4(1247 1248 1207 1206)
4(1780 1821 1822 1781)
4(1248 1249 1208 1207)
4(1781 1822 1823 1782)
4(1249 1250 1209 1208)
4(1782 1823 1824 1783)
4(1250 1251 1210 1209)
4(1783 1824 1825 1784)
4(1251 1252 1211 1210)
4(1784 1825 1826 1785)
4(1252 1253 1212 1211)
4(1785 1826 1827 1786)
4(1253 1254 1213 1212)
4(1786 1827 1828 1787)
4(1254 1255 1214 1213)
4(1787 1828 1829 1788)
4(1255 1256 1215 1214)
4(1788 1829 1830 1789)
4(1256 1257 1216 1215)
4(1789 1830 1831 1790)
4(1257 1258 1217 1216)
4(1790 1831 1832 1791)
4(1258 1259 1218 1217)
4(1791 1832 1833 1792)
4(1259 1260 1219 1218)
4(1792 1833 1834 1793)
4(1260 1261 1220 1219)
4(1793 1834 1835 1794)
4(1261 1262 1221 1220)
4(1794 1835 1836 1795)
4(1262 1263 1222 1221)
4(1795 1836 1837 1796)
4(1263 1264 1223 1222)
4(1796 1837 1838 1797)
4(1264 1265 1224 1223)
4(1797 1838 1839 1798)
4(1265 1266 1225 1224)
4(1798 1839 1840 1799)
4(1266 1267 1226 1225)
4(1799 1840 1841 1800)
4(1267 1268 1227 1226)
4(1800 1841 1842 1801)
4(1268 1269 1228 1227)
4(1801 1842 1843 1802)
4(1269 1270 1229 1228)
4(1802 1843 1844 1803)
4(1270 1271 1230 1229)
4(1803 1844 1845 1804)
4(1271 1272 1231 1230)
4(1804 1845 1846 1805)
4(1272 1273 1232 1231)
4(1805 1846 1847 1806)
4(1273 1274 1233 1232)
4(1806 1847 1848 1807)
4(1274 1275 1234 1233)
4(1807 1848 1849 1808)
4(1275 165 164 1234)
4(1808 1849 186 187)
4(31 1194 1153 32)
4(53 54 1850 1809)
4(1194 1195 1154 1153)
4(1809 1850 1851 1810)
4(1195 1196 1155 1154)
4(1810 1851 1852 1811)
4(1196 1197 1156 1155)
4(1811 1852 1853 1812)
4(1197 1198 1157 1156)
4(1812 1853 1854 1813)
4(1198 1199 1158 1157)
4(1813 1854 1855 1814)
4(1199 1200 1159 1158)
4(1814 1855 1856 1815)
4(1200 1201 1160 1159)
4(1815 1856 1857 1816)
4(1201 1202 1161 1160)
4(1816 1857 1858 1817)
4(1202 1203 1162 1161)
4(1817 1858 1859 1818)
4(1203 1204 1163 1162)
4(1818 1859 1860 1819)
4(1204 1205 1164 1163)
4(1819 1860 1861 1820)
4(1205 1206 1165 1164)
4(1820 1861 1862 1821)
4(1206 1207 1166 1165)
4(1821 1862 1863 1822)
4(1207 1208 1167 1166)
4(1822 1863 1864 1823)
4(1208 1209 1168 1167)
4(1823 1864 1865 1824)
4(1209 1210 1169 1168)
4(1824 1865 1866 1825)
4(1210 1211 1170 1169)
4(1825 1866 1867 1826)
4(1211 1212 1171 1170)
4(1826 1867 1868 1827)
4(1212 1213 1172 1171)
4(1827 1868 1869 1828)
4(1213 1214 1173 1172)
4(1828 1869 1870 1829)
4(1214 1215 1174 1173)
4(1829 1870 1871 1830)
4(1215 1216 1175 1174)
4(1830 1871 1872 1831)
4(1216 1217 1176 1175)
4(1831 1872 1873 1832)
4(1217 1218 1177 1176)
4(1832 1873 1874 1833)
4(1218 1219 1178 1177)
4(1833 1874 1875 1834)
4(1219 1220 1179 1178)
4(1834 1875 1876 1835)
4(1220 1221 1180 1179)
4(1835 1876 1877 1836)
4(1221 1222 1181 1180)
4(1836 1877 1878 1837)
4(1222 1223 1182 1181)
4(1837 1878 1879 1838)
4(1223 1224 1183 1182)
4(1838 1879 1880 1839)
4(1224 1225 1184 1183)
4(1839 1880 1881 1840)
4(1225 1226 1185 1184)
4(1840 1881 1882 1841)
4(1226 1227 1186 1185)
4(1841 1882 1883 1842)
4(1227 1228 1187 1186)
4(1842 1883 1884 1843)
4(1228 1229 1188 1187)
4(1843 1884 1885 1844)
4(1229 1230 1189 1188)
4(1844 1885 1886 1845)
4(1230 1231 1190 1189)
4(1845 1886 1887 1846)
4(1231 1232 1191 1190)
4(1846 1887 1888 1847)
4(1232 1233 1192 1191)
4(1847 1888 1889 1848)
4(1233 1234 1193 1192)
4(1848 1889 1890 1849)
4(1234 164 163 1193)
4(1849 1890 185 186)
4(32 1153 1112 33)
4(54 55 1891 1850)
4(1153 1154 1113 1112)
4(1850 1891 1892 1851)
4(1154 1155 1114 1113)
4(1851 1892 1893 1852)
4(1155 1156 1115 1114)
4(1852 1893 1894 1853)
4(1156 1157 1116 1115)
4(1853 1894 1895 1854)
4(1157 1158 1117 1116)
4(1854 1895 1896 1855)
4(1158 1159 1118 1117)
4(1855 1896 1897 1856)
4(1159 1160 1119 1118)
4(1856 1897 1898 1857)
4(1160 1161 1120 1119)
4(1857 1898 1899 1858)
4(1161 1162 1121 1120)
4(1858 1899 1900 1859)
4(1162 1163 1122 1121)
4(1859 1900 1901 1860)
4(1163 1164 1123 1122)
4(1860 1901 1902 1861)
4(1164 1165 1124 1123)
4(1861 1902 1903 1862)
4(1165 1166 1125 1124)
4(1862 1903 1904 1863)
4(1166 1167 1126 1125)
4(1863 1904 1905 1864)
4(1167 1168 1127 1126)
4(1864 1905 1906 1865)
4(1168 1169 1128 1127)
4(1865 1906 1907 1866)
4(1169 1170 1129 1128)
4(1866 1907 1908 1867)
4(1170 1171 1130 1129)
4(1867 1908 1909 1868)
4(1171 1172 1131 1130)
4(1868 1909 1910 1869)
4(1172 1173 1132 1131)
4(1869 1910 1911 1870)
4(1173 1174 1133 1132)
4(1870 1911 1912 1871)
4(1174 1175 1134 1133)
4(1871 1912 1913 1872)
4(1175 1176 1135 1134)
4(1872 1913 1914 1873)
4(1176 1177 1136 1135)
4(1873 1914 1915 1874)
4(1177 1178 1137 1136)
4(1874 1915 1916 1875)
4(1178 1179 1138 1137)
4(1875 1916 1917 1876)
4(1179 1180 1139 1138)
4(1876 1917 1918 1877)
4(1180 1181 1140 1139)
4(1877 1918 1919 1878)
4(1181 1182 1141 1140)
4(1878 1919 1920 1879)
4(1182 1183 1142 1141)
4(1879 1920 1921 1880)
4(1183 1184 1143 1142)
4(1880 1921 1922 1881)
4(1184 1185 1144 1143)
4(1881 1922 1923 1882)
4(1185 1186 1145 1144)
4(1882 1923 1924 1883)
4(1186 1187 1146 1145)
4(1883 1924 1925 1884)
4(1187 1188 1147 1146)
4(1884 1925 1926 1885)
4(1188 1189 1148 1147)
4(1885 1926 1927 1886)
4(1189 1190 1149 1148)
4(1886 1927 1928 1887)
4(1190 1191 1150 1149)
4(1887 1928 1929 1888)
4(1191 1192 1151 1150)
4(1888 1929 1930 1889)
4(1192 1193 1152 1151)
4(1889 1930 1931 1890)
4(1193 163 162 1152)
4(1890 1931 184 185)
4(33 1112 1071 34)
4(55 56 1932 1891)
4(1112 1113 1072 1071)
4(1891 1932 1933 1892)
4(1113 1114 1073 1072)
4(1892 1933 1934 1893)
4(1114 1115 1074 1073)
4(1893 1934 1935 1894)
4(1115 1116 1075 1074)
4(1894 1935 1936 1895)
4(1116 1117 1076 1075)
4(1895 1936 1937 1896)
4(1117 1118 1077 1076)
4(1896 1937 1938 1897)
4(1118 1119 1078 1077)
4(1897 1938 1939 1898)
4(1119 1120 1079 1078)
4(1898 1939 1940 1899)
4(1120 1121 1080 1079)
4(1899 1940 1941 1900)
4(1121 1122 1081 1080)
4(1900 1941 1942 1901)
4(1122 1123 1082 1081)
4(1901 1942 1943 1902)
4(1123 1124 1083 1082)
4(1902 1943 1944 1903)
4(1124 1125 1084 1083)
4(1903 1944 1945 1904)
4(1125 1126 1085 1084)
4(1904 1945 1946 1905)
4(1126 1127 1086 1085)
4(1905 1946 1947 1906)
4(1127 1128 1087 1086)
4(1906 1947 1948 1907)
4(1128 1129 1088 1087)
4(1907 1948 1949 1908)
4(1129 1130 1089 1088)
4(1908 1949 1950 1909)
4(1130 1131 1090 1089)
4(1909 1950 1951 1910)
4(1131 1132 1091 1090)
4(1910 1951 1952 1911)
4(1132 1133 1092 1091)
4(1911 1952 1953 1912)
4(1133 1134 1093 1092)
4(1912 1953 1954 1913)
4(1134 1135 1094 1093)
4(1913 1954 1955 1914)
4(1135 1136 1095 1094)
4(1914 1955 1956 1915)
4(1136 1137 1096 1095)
4(1915 1956 1957 1916)
4(1137 1138 1097 1096)
4(1916 1957 1958 1917)
4(1138 1139 1098 1097)
4(1917 1958 1959 1918)
4(1139 1140 1099 1098)
4(1918 1959 1960 1919)
4(1140 1141 1100 1099)
4(1919 1960 1961 1920)
4(1141 1142 1101 1100)
4(1920 1961 1962 1921)
4(1142 1143 1102 1101)
4(1921 1962 1963 1922)
4(1143 1144 1103 1102)
4(1922 1963 1964 1923)
4(1144 1145 1104 1103)
4(1923 1964 1965 1924)
4(1145 1146 1105 1104)
4(1924 1965 1966 1925)
4(1146 1147 1106 1105)
4(1925 1966 1967 1926)
4(1147 1148 1107 1106)
4(1926 1967 1968 1927)
4(1148 1149 1108 1107)
4(1927 1968 1969 1928)
4(1149 1150 1109 1108)
4(1928 1969 1970 1929)
4(1150 1151 1110 1109)
4(1929 1970 1971 1930)
4(1151 1152 1111 1110)
4(1930 1971 1972 1931)
4(1152 162 161 1111)
4(1931 1972 183 184)
4(34 1071 1030 35)
4(56 57 1973 1932)
4(1071 1072 1031 1030)
4(1932 1973 1974 1933)
4(1072 1073 1032 1031)
4(1933 1974 1975 1934)
4(1073 1074 1033 1032)
4(1934 1975 1976 1935)
4(1074 1075 1034 1033)
4(1935 1976 1977 1936)
4(1075 1076 1035 1034)
4(1936 1977 1978 1937)
4(1076 1077 1036 1035)
4(1937 1978 1979 1938)
4(1077 1078 1037 1036)
4(1938 1979 1980 1939)
4(1078 1079 1038 1037)
4(1939 1980 1981 1940)
4(1079 1080 1039 1038)
4(1940 1981 1982 1941)
4(1080 1081 1040 1039)
4(1941 1982 1983 1942)
4(1081 1082 1041 1040)
4(1942 1983 1984 1943)
4(1082 1083 1042 1041)
4(1943 1984 1985 1944)
4(1083 1084 1043 1042)
4(1944 1985 1986 1945)
4(1084 1085 1044 1043)
4(1945 1986 1987 1946)
4(1085 1086 1045 1044)
4(1946 1987 1988 1947)
4(1086 1087 1046 1045)
4(1947 1988 1989 1948)
4(1087 1088 1047 1046)
4(1948 1989 1990 1949)
4(1088 1089 1048 1047)
4(1949 1990 1991 1950)
4(1089 1090 1049 1048)
4(1950 1991 1992 1951)
4(1090 1091 1050 1049)
4(1951 1992 1993 1952)
4(1091 1092 1051 1050)
4(1952 1993 1994 1953)
4(1092 1093 1052 1051)
4(1953 1994 1995 1954)
4(1093 1094 1053 1052)
4(1954 1995 1996 1955)
4(1094 1095 1054 1053)
4(1955 1996 1997 1956)
4(1095 1096 1055 1054)
4(1956 1997 1998 1957)
4(1096 1097 1056 1055)
4(1957 1998 1999 1958)
4(1097 1098 1057 1056)
4(1958 1999 2000 1959)
4(1098 1099 1058 1057)
4(1959 2000 2001 1960)
4(1099 1100 1059 1058)
4(1960 2001 2002 1961)
4(1100 1101 1060 1059)
4(1961 2002 2003 1962)
4(1101 1102 1061 1060)
4(1962 2003 2004 1963)
4(1102 1103 1062 1061)
4(1963 2004 2005 1964)
4(1103 1104 1063 1062)
4(1964 2005 2006 1965)
4(1104 1105 1064 1063)
4(1965 2006 2007 1966)
4(1105 1106 1065 1064)
4(1966 2007 2008 1967)
4(1106 1107 1066 1065)
4(1967 2008 2009 1968)
4(1107 1108 1067 1066)
4(1968 2009 2010 1969)
4(1108 1109 1068 1067)
4(1969 2010 2011 1970)
4(1109 1110 1069 1068)
4(1970 2011 2012 1971)
4(1110 1111 1070 1069)
4(1971 2012 2013 1972)
4(1111 161 160 1070)
4(1972 2013 182 183)
4(35 1030 989 36)
4(57 58 2014 1973)
4(1030 1031 990 989)
4(1973 2014 2015 1974)
4(1031 1032 991 990)
4(1974 2015 2016 1975)
4(1032 1033 992 991)
4(1975 2016 2017 1976)
4(1033 1034 993 992)
4(1976 2017 2018 1977)
4(1034 1035 994 993)
4(1977 2018 2019 1978)
4(1035 1036 995 994)
4(1978 2019 2020 1979)
4(1036 1037 996 995)
4(1979 2020 2021 1980)
4(1037 1038 997 996)
4(1980 2021 2022 1981)
4(1038 1039 998 997)
4(1981 2022 2023 1982)
4(1039 1040 999 998)
4(1982 2023 2024 1983)
4(1040 1041 1000 999)
4(1983 2024 2025 1984)
4(1041 1042 1001 1000)
4(1984 2025 2026 1985)
4(1042 1043 1002 1001)
4(1985 2026 2027 1986)
4(1043 1044 1003 1002)
4(1986 2027 2028 1987)
4(1044 1045 1004 1003)
4(1987 2028 2029 1988)
4(1045 1046 1005 1004)
4(1988 2029 2030 1989)
4(1046 1047 1006 1005)
4(1989 2030 2031 1990)
4(1047 1048 1007 1006)
4(1990 2031 2032 1991)
4(1048 1049 1008 1007)
4(1991 2032 2033 1992)
4(1049 1050 1009 1008)
4(1992 2033 2034 1993)
4(1050 1051 1010 1009)
4(1993 2034 2035 1994)
4(1051 1052 1011 1010)
4(1994 2035 2036 1995)
4(1052 1053 1012 1011)
4(1995 2036 2037 1996)
4(1053 1054 1013 1012)
4(1996 2037 2038 1997)
4(1054 1055 1014 1013)
4(1997 2038 2039 1998)
4(1055 1056 1015 1014)
4(1998 2039 2040 1999)
4(1056 1057 1016 1015)
4(1999 2040 2041 2000)
4(1057 1058 1017 1016)
4(2000 2041 2042 2001)
4(1058 1059 1018 1017)
4(2001 2042 2043 2002)
4(1059 1060 1019 1018)
4(2002 2043 2044 2003)
4(1060 1061 1020 1019)
4(2003 2044 2045 2004)
4(1061 1062 1021 1020)
4(2004 2045 2046 2005)
4(1062 1063 1022 1021)
4(2005 2046 2047 2006)
4(1063 1064 1023 1022)
4(2006 2047 2048 2007)
4(1064 1065 1024 1023)
4(2007 2048 2049 2008)
4(1065 1066 1025 1024)
4(2008 2049 2050 2009)
4(1066 1067 1026 1025)
4(2009 2050 2051 2010)
4(1067 1068 1027 1026)
4(2010 2051 2052 2011)
4(1068 1069 1028 1027)
4(2011 2052 2053 2012)
4(1069 1070 1029 1028)
4(2012 2053 2054 2013)
4(1070 160 159 1029)
4(2013 2054 181 182)
4(36 989 948 37)
4(58 59 2055 2014)
4(989 990 949 948)
4(2014 2055 2056 2015)
4(990 991 950 949)
4(2015 2056 2057 2016)
4(991 992 951 950)
4(2016 2057 2058 2017)
4(992 993 952 951)
4(2017 2058 2059 2018)
4(993 994 953 952)
4(2018 2059 2060 2019)
4(994 995 954 953)
4(2019 2060 2061 2020)
4(995 996 955 954)
4(2020 2061 2062 2021)
4(996 997 956 955)
4(2021 2062 2063 2022)
4(997 998 957 956)
4(2022 2063 2064 2023)
4(998 999 958 957)
4(2023 2064 2065 2024)
4(999 1000 959 958)
4(2024 2065 2066 2025)
4(1000 1001 960 959)
4(2025 2066 2067 2026)
4(1001 1002 961 960)
4(2026 2067 2068 2027)
4(1002 1003 962 961)
4(2027 2068 2069 2028)
4(1003 1004 963 962)
4(2028 2069 2070 2029)
4(1004 1005 964 963)
4(2029 2070 2071 2030)
4(1005 1006 965 964)
4(2030 2071 2072 2031)
4(1006 1007 966 965)
4(2031 2072 2073 2032)
4(1007 1008 967 966)
4(2032 2073 2074 2033)
4(1008 1009 968 967)
4(2033 2074 2075 2034)
4(1009 1010 969 968)
4(2034 2075 2076 2035)
4(1010 1011 970 969)
4(2035 2076 2077 2036)
4(1011 1012 971 970)
4(2036 2077 2078 2037)
4(1012 1013 972 971)
4(2037 2078 2079 2038)
4(1013 1014 973 972)
4(2038 2079 2080 2039)
4(1014 1015 974 973)
4(2039 2080 2081 2040)
4(1015 1016 975 974)
4(2040 2081 2082 2041)
4(1016 1017 976 975)
4(2041 2082 2083 2042)
4(1017 1018 977 976)
4(2042 2083 2084 2043)
4(1018 1019 978 977)
4(2043 2084 2085 2044)
4(1019 1020 979 978)
4(2044 2085 2086 2045)
4(1020 1021 980 979)
4(2045 2086 2087 2046)
4(1021 1022 981 980)
4(2046 2087 2088 2047)
4(1022 1023 982 981)
4(2047 2088 2089 2048)
4(1023 1024 983 982)
4(2048 2089 2090 2049)
4(1024 1025 984 983)
4(2049 2090 2091 2050)
4(1025 1026 985 984)
4(2050 2091 2092 2051)
4(1026 1027 986 985)
4(2051 2092 2093 2052)
4(1027 1028 987 986)
4(2052 2093 2094 2053)
4(1028 1029 988 987)
4(2053 2094 2095 2054)
4(1029 159 158 988)
4(2054 2095 180 181)
4(37 948 907 38)
4(59 60 2096 2055)
4(948 949 908 907)
4(2055 2096 2097 2056)
4(949 950 909 908)
4(2056 2097 2098 2057)
4(950 951 910 909)
4(2057 2098 2099 2058)
4(951 952 911 910)
4(2058 2099 2100 2059)
4(952 953 912 911)
4(2059 2100 2101 2060)
4(953 954 913 912)
4(2060 2101 2102 2061)
4(954 955 914 913)
4(2061 2102 2103 2062)
4(955 956 915 914)
4(2062 2103 2104 2063)
4(956 957 916 915)
4(2063 2104 2105 2064)
4(957 958 917 916)
4(2064 2105 2106 2065)
4(958 959 918 917)
4(2065 2106 2107 2066)
4(959 960 919 918)
4(2066 2107 2108 2067)
4(960 961 920 919)
4(2067 2108 2109 2068)
4(961 962 921 920)
4(2068 2109 2110 2069)
4(962 963 922 921)
4(2069 2110 2111 2070)
4(963 964 923 922)
4(2070 2111 2112 2071)
4(964 965 924 923)
4(2071 2112 2113 2072)
4(965 966 925 924)
4(2072 2113 2114 2073)
4(966 967 926 925)
4(2073 2114 2115 2074)
4(967 968 927 926)
4(2074 2115 2116 2075)
4(968 969 928 927)
4(2075 2116 2117 2076)
4(969 970 929 928)
4(2076 2117 2118 2077)
4(970 971 930 929)
4(2077 2118 2119 2078)
4(971 972 931 930)
4(2078 2119 2120 2079)
4(972 973 932 931)
4(2079 2120 2121 2080)
4(973 974 933 932)
4(2080 2121 2122 2081)
4(974 975 934 933)
4(2081 2122 2123 2082)
4(975 976 935 934)
4(2082 2123 2124 2083)
4(976 977 936 935)
4(2083 2124 2125 2084)
4(977 978 937 936)
4(2084 2125 2126 2085)
4(978 979 938 937)
4(2085 2126 2127 2086)
4(979 980 939 938)
4(2086 2127 2128 2087)
4(980 981 940 939)
4(2087 2128 2129 2088)
4(981 982 941 940)
4(2088 2129 2130 2089)
4(982 983 942 941)
4(2089 2130 2131 2090)
4(983 984 943 942)
4(2090 2131 2132 2091)
4(984 985 944 943)
4(2091 2132 2133 2092)
4(985 986 945 944)
4(2092 2133 2134 2093)
4(986 987 946 945)
4(2093 2134 2135 2094)
4(987 988 947 946)
4(2094 2135 2136 2095)
4(988 158 157 947)
4(2095 2136 179 180)
4(38 907 866 39)
4(60 61 2137 2096)
4(907 908 867 866)
4(2096 2137 2138 2097)
4(908 909 868 867)
4(2097 2138 2139 2098)
4(909 910 869 868)
4(2098 2139 2140 2099)
4(910 911 870 869)
4(2099 2140 2141 2100)
4(911 912 871 870)
4(2100 2141 2142 2101)
4(912 913 872 871)
4(2101 2142 2143 2102)
4(913 914 873 872)
4(2102 2143 2144 2103)
4(914 915 874 873)
4(2103 2144 2145 2104)
4(915 916 875 874)
4(2104 2145 2146 2105)
4(916 917 876 875)
4(2105 2146 2147 2106)
4(917 918 877 876)
4(2106 2147 2148 2107)
4(918 919 878 877)
4(2107 2148 2149 2108)
4(919 920 879 878)
4(2108 2149 2150 2109)
4(920 921 880 879)
4(2109 2150 2151 2110)
4(921 922 881 880)
4(2110 2151 2152 2111)
4(922 923 882 881)
4(2111 2152 2153 2112)
4(923 924 883 882)
4(2112 2153 2154 2113)
4(924 925 884 883)
4(2113 2154 2155 2114)
4(925 926 885 884)
4(2114 2155 2156 2115)
4(926 927 886 885)
4(2115 2156 2157 2116)
4(927 928 887 886)
4(2116 2157 2158 2117)
4(928 929 888 887)
4(2117 2158 2159 2118)
4(929 930 889 888)
4(2118 2159 2160 2119)
4(930 931 890 889)
4(2119 2160 2161 2120)
4(931 932 891 890)
4(2120 2161 2162 2121)
4(932 933 892 891)
4(2121 2162 2163 2122)
4(933 934 893 892)
4(2122 2163 2164 2123)
4(934 935 894 893)
4(2123 2164 2165 2124)
4(935 936 895 894)
4(2124 2165 2166 2125)
4(936 937 896 895)
4(2125 2166 2167 2126)
4(937 938 897 896)
4(2126 2167 2168 2127)
4(938 939 898 897)
4(2127 2168 2169 2128)
4(939 940 899 898)
4(2128 2169 2170 2129)
4(940 941 900 899)
4(2129 2170 2171 2130)
4(941 942 901 900)
4(2130 2171 2172 2131)
4(942 943 902 901)
4(2131 2172 2173 2132)
4(943 944 903 902)
4(2132 2173 2174 2133)
4(944 945 904 903)
4(2133 2174 2175 2134)
4(945 946 905 904)
4(2134 2175 2176 2135)
4(946 947 906 905)
4(2135 2176 2177 2136)
4(947 157 156 906)
4(2136 2177 178 179)
4(39 866 825 40)
4(61 62 2178 2137)
4(866 867 826 825)
4(2137 2178 2179 2138)
4(867 868 827 826)
4(2138 2179 2180 2139)
4(868 869 828 827)
4(2139 2180 2181 2140)
4(869 870 829 828)
4(2140 2181 2182 2141)
4(870 871 830 829)
4(2141 2182 2183 2142)
4(871 872 831 830)
4(2142 2183 2184 2143)
4(872 873 832 831)
4(2143 2184 2185 2144)
4(873 874 833 832)
4(2144 2185 2186 2145)
4(874 875 834 833)
4(2145 2186 2187 2146)
4(875 876 835 834)
4(2146 2187 2188 2147)
4(876 877 836 835)
4(2147 2188 2189 2148)
4(877 878 837 836)
4(2148 2189 2190 2149)
4(878 879 838 837)
4(2149 2190 2191 2150)
4(879 880 839 838)
4(2150 2191 2192 2151)
4(880 881 840 839)
4(2151 2192 2193 2152)
4(881 882 841 840)
4(2152 2193 2194 2153)
4(882 883 842 841)
4(2153 2194 2195 2154)
4(883 884 843 842)
4(2154 2195 2196 2155)
4(884 885 844 843)
4(2155 2196 2197 2156)
4(885 886 845 844)
4(2156 2197 2198 2157)
4(886 887 846 845)
4(2157 2198 2199 2158)
4(887 888 847 846)
4(2158 2199 2200 2159)
4(888 889 848 847)
4(2159 2200 2201 2160)
4(889 890 849 848)
4(2160 2201 2202 2161)
4(890 891 850 849)
4(2161 2202 2203 2162)
4(891 892 851 850)
4(2162 2203 2204 2163)
4(892 893 852 851)
4(2163 2204 2205 2164)
4(893 894 853 852)
4(2164 2205 2206 2165)
4(894 895 854 853)
4(2165 2206 2207 2166)
4(895 896 855 854)
4(2166 2207 2208 2167)
4(896 897 856 855)
4(2167 2208 2209 2168)
4(897 898 857 856)
4(2168 2209 2210 2169)
4(898 899 858 857)
4(2169 2210 2211 2170)
4(899 900 859 858)
4(2170 2211 2212 2171)
4(900 901 860 859)
4(2171 2212 2213 2172)
4(901 902 861 860)
4(2172 2213 2214 2173)
4(902 903 862 861)
4(2173 2214 2215 2174)
4(903 904 863 862)
4(2174 2215 2216 2175)
4(904 905 864 863)
4(2175 2216 2217 2176)
4(905 906 865 864)
4(2176 2217 2218 2177)
4(906 156 155 865)
4(2177 2218 177 178)
4(40 825 784 41)
4(62 63 2219 2178)
4(825 826 785 784)
4(2178 2219 2220 2179)
4(826 827 786 785)
4(2179 2220 2221 2180)
4(827 828 787 786)
4(2180 2221 2222 2181)
4(828 829 788 787)
4(2181 2222 2223 2182)
4(829 830 789 788)
4(2182 2223 2224 2183)
4(830 831 790 789)
4(2183 2224 2225 2184)
4(831 832 791 790)
4(2184 2225 2226 2185)
4(832 833 792 791)
4(2185 2226 2227 2186)
4(833 834 793 792)
4(2186 2227 2228 2187)
4(834 835 794 793)
4(2187 2228 2229 2188)
4(835 836 795 794)
4(2188 2229 2230 2189)
4(836 837 796 795)
4(2189 2230 2231 2190)
4(837 838 797 796)
4(2190 2231 2232 2191)
4(838 839 798 797)
4(2191 2232 2233 2192)
4(839 840 799 798)
4(2192 2233 2234 2193)
4(840 841 800 799)
4(2193 2234 2235 2194)
4(841 842 801 800)
4(2194 2235 2236 2195)
4(842 843 802 801)
4(2195 2236 2237 2196)
4(843 844 803 802)
4(2196 2237 2238 2197)
4(844 845 804 803)
4(2197 2238 2239 2198)
4(845 846 805 804)
4(2198 2239 2240 2199)
4(846 847 806 805)
4(2199 2240 2241 2200)
4(847 848 807 806)
4(2200 2241 2242 2201)
4(848 849 808 807)
4(2201 2242 2243 2202)
4(849 850 809 808)
4(2202 2243 2244 2203)
4(850 851 810 809)
4(2203 2244 2245 2204)
4(851 852 811 810)
4(2204 2245 2246 2205)
4(852 853 812 811)
4(2205 2246 2247 2206)
4(853 854 813 812)
4(2206 2247 2248 2207)
4(854 855 814 813)
4(2207 2248 2249 2208)
4(855 856 815 814)
4(2208 2249 2250 2209)
4(856 857 816 815)
4(2209 2250 2251 2210)
4(857 858 817 816)
4(2210 2251 2252 2211)
4(858 859 818 817)
4(2211 2252 2253 2212)
4(859 860 819 818)
4(2212 2253 2254 2213)
4(860 861 820 819)
4(2213 2254 2255 2214)
4(861 862 821 820)
4(2214 2255 2256 2215)
4(862 863 822 821)
4(2215 2256 2257 2216)
4(863 864 823 822)
4(2216 2257 2258 2217)
4(864 865 824 823)
4(2217 2258 2259 2218)
4(865 155 154 824)
4(2218 2259 176 177)
4(41 784 743 42)
4(63 64 2260 2219)
4(784 785 744 743)
4(2219 2260 2261 2220)
4(785 786 745 744)
4(2220 2261 2262 2221)
4(786 787 746 745)
4(2221 2262 2263 2222)
4(787 788 747 746)
4(2222 2263 2264 2223)
4(788 789 748 747)
4(2223 2264 2265 2224)
4(789 790 749 748)
4(2224 2265 2266 2225)
4(790 791 750 749)
4(2225 2266 2267 2226)
4(791 792 751 750)
4(2226 2267 2268 2227)
4(792 793 752 751)
4(2227 2268 2269 2228)
4(793 794 753 752)
4(2228 2269 2270 2229)
4(794 795 754 753)
4(2229 2270 2271 2230)
4(795 796 755 754)
4(2230 2271 2272 2231)
4(796 797 756 755)
4(2231 2272 2273 2232)
4(797 798 757 756)
4(2232 2273 2274 2233)
4(798 799 758 757)
4(2233 2274 2275 2234)
4(799 800 759 758)
4(2234 2275 2276 2235)
4(800 801 760 759)
4(2235 2276 2277 2236)
4(801 802 761 760)
4(2236 2277 2278 2237)
4(802 803 762 761)
4(2237 2278 2279 2238)
4(803 804 763 762)
4(2238 2279 2280 2239)
4(804 805 764 763)
4(2239 2280 2281 2240)
4(805 806 765 764)
4(2240 2281 2282 2241)
4(806 807 766 765)
4(2241 2282 2283 2242)
4(807 808 767 766)
4(2242 2283 2284 2243)
4(808 809 768 767)
4(2243 2284 2285 2244)
4(809 810 769 768)
4(2244 2285 2286 2245)
4(810 811 770 769)
4(2245 2286 2287 2246)
4(811 812 771 770)
4(2246 2287 2288 2247)
4(812 813 772 771)
4(2247 2288 2289 2248)
4(813 814 773 772)
4(2248 2289 2290 2249)
4(814 815 774 773)
4(2249 2290 2291 2250)
4(815 816 775 774)
4(2250 2291 2292 2251)
4(816 817 776 775)
4(2251 2292 2293 2252)
4(817 818 777 776)
4(2252 2293 2294 2253)
4(818 819 778 777)
4(2253 2294 2295 2254)
4(819 820 779 778)
4(2254 2295 2296 2255)
4(820 821 780 779)
4(2255 2296 2297 2256)
4(821 822 781 780)
4(2256 2297 2298 2257)
4(822 823 782 781)
4(2257 2298 2299 2258)
4(823 824 783 782)
4(2258 2299 2300 2259)
4(824 154 153 783)
4(2259 2300 175 176)
4(42 743 702 43)
4(64 65 2301 2260)
4(743 744 703 702)
4(2260 2301 2302 2261)
4(744 745 704 703)
4(2261 2302 2303 2262)
4(745 746 705 704)
4(2262 2303 2304 2263)
4(746 747 706 705)
4(2263 2304 2305 2264)
4(747 748 707 706)
4(2264 2305 2306 2265)
4(748 749 708 707)
4(2265 2306 2307 2266)
4(749 750 709 708)
4(2266 2307 2308 2267)
4(750 751 710 709)
4(2267 2308 2309 2268)
4(751 752 711 710)
4(2268 2309 2310 2269)
4(752 753 712 711)
4(2269 2310 2311 2270)
4(753 754 713 712)
4(2270 2311 2312 2271)
4(754 755 714 713)
4(2271 2312 2313 2272)
4(755 756 715 714)
4(2272 2313 2314 2273)
4(756 757 716 715)
4(2273 2314 2315 2274)
4(757 758 717 716)
4(2274 2315 2316 2275)
4(758 759 718 717)
4(2275 2316 2317 2276)
4(759 760 719 718)
4(2276 2317 2318 2277)
4(760 761 720 719)
4(2277 2318 2319 2278)
4(761 762 721 720)
4(2278 2319 2320 2279)
4(762 763 722 721)
4(2279 2320 2321 2280)
4(763 764 723 722)
4(2280 2321 2322 2281)
4(764 765 724 723)
4(2281 2322 2323 2282)
4(765 766 725 724)
4(2282 2323 2324 2283)
4(766 767 726 725)
4(2283 2324 2325 2284)
4(767 768 727 726)
4(2284 2325 2326 2285)
4(768 769 728 727)
4(2285 2326 2327 2286)
4(769 770 729 728)
4(2286 2327 2328 2287)
4(770 771 730 729)
4(2287 2328 2329 2288)
4(771 772 731 730)
4(2288 2329 2330 2289)
4(772 773 732 731)
4(2289 2330 2331 2290)
4(773 774 733 732)
4(2290 2331 2332 2291)
4(774 775 734 733)
4(2291 2332 2333 2292)
4(775 776 735 734)
4(2292 2333 2334 2293)
4(776 777 736 735)
4(2293 2334 2335 2294)
4(777 778 737 736)
4(2294 2335 2336 2295)
4(778 779 738 737)
4(2295 2336 2337 2296)
4(779 780 739 738)
4(2296 2337 2338 2297)
4(780 781 740 739)
4(2297 2338 2339 2298)
4(781 782 741 740)
4(2298 2339 2340 2299)
4(782 783 742 741)
4(2299 2340 2341 2300)
4(783 153 152 742)
4(2300 2341 174 175)
4(43 702 661 44)
4(65 66 2342 2301)
4(702 703 662 661)
4(2301 2342 2343 2302)
4(703 704 663 662)
4(2302 2343 2344 2303)
4(704 705 664 663)
4(2303 2344 2345 2304)
4(705 706 665 664)
4(2304 2345 2346 2305)
4(706 707 666 665)
4(2305 2346 2347 2306)
4(707 708 667 666)
4(2306 2347 2348 2307)
4(708 709 668 667)
4(2307 2348 2349 2308)
4(709 710 669 668)
4(2308 2349 2350 2309)
4(710 711 670 669)
4(2309 2350 2351 2310)
4(711 712 671 670)
4(2310 2351 2352 2311)
4(712 713 672 671)
4(2311 2352 2353 2312)
4(713 714 673 672)
4(2312 2353 2354 2313)
4(714 715 674 673)
4(2313 2354 2355 2314)
4(715 716 675 674)
4(2314 2355 2356 2315)
4(716 717 676 675)
4(2315 2356 2357 2316)
4(717 718 677 676)
4(2316 2357 2358 2317)
4(718 719 678 677)
4(2317 2358 2359 2318)
4(719 720 679 678)
4(2318 2359 2360 2319)
4(720 721 680 679)
4(2319 2360 2361 2320)
4(721 722 681 680)
4(2320 2361 2362 2321)
4(722 723 682 681)
4(2321 2362 2363 2322)
4(723 724 683 682)
4(2322 2363 2364 2323)
4(724 725 684 683)
4(2323 2364 2365 2324)
4(725 726 685 684)
4(2324 2365 2366 2325)
4(726 727 686 685)
4(2325 2366 2367 2326)
4(727 728 687 686)
4(2326 2367 2368 2327)
4(728 729 688 687)
4(2327 2368 2369 2328)
4(729 730 689 688)
4(2328 2369 2370 2329)
4(730 731 690 689)
4(2329 2370 2371 2330)
4(731 732 691 690)
4(2330 2371 2372 2331)
4(732 733 692 691)
4(2331 2372 2373 2332)
4(733 734 693 692)
4(2332 2373 2374 2333)
4(734 735 694 693)
4(2333 2374 2375 2334)
4(735 736 695 694)
4(2334 2375 2376 2335)
4(736 737 696 695)
4(2335 2376 2377 2336)
4(737 738 697 696)
4(2336 2377 2378 2337)
4(738 739 698 697)
4(2337 2378 2379 2338)
4(739 740 699 698)
4(2338 2379 2380 2339)
4(740 741 700 699)
4(2339 2380 2381 2340)
4(741 742 701 700)
4(2340 2381 2382 2341)
4(742 152 151 701)
4(2341 2382 173 174)
4(44 661 620 45)
4(66 67 2383 2342)
4(661 662 621 620)
4(2342 2383 2384 2343)
4(662 663 622 621)
4(2343 2384 2385 2344)
4(663 664 623 622)
4(2344 2385 2386 2345)
4(664 665 624 623)
4(2345 2386 2387 2346)
4(665 666 625 624)
4(2346 2387 2388 2347)
4(666 667 626 625)
4(2347 2388 2389 2348)
4(667 668 627 626)
4(2348 2389 2390 2349)
4(668 669 628 627)
4(2349 2390 2391 2350)
4(669 670 629 628)
4(2350 2391 2392 2351)
4(670 671 630 629)
4(2351 2392 2393 2352)
4(671 672 631 630)
4(2352 2393 2394 2353)
4(672 673 632 631)
4(2353 2394 2395 2354)
4(673 674 633 632)
4(2354 2395 2396 2355)
4(674 675 634 633)
4(2355 2396 2397 2356)
4(675 676 635 634)
4(2356 2397 2398 2357)
4(676 677 636 635)
4(2357 2398 2399 2358)
4(677 678 637 636)
4(2358 2399 2400 2359)
4(678 679 638 637)
4(2359 2400 2401 2360)
4(679 680 639 638)
4(2360 2401 2402 2361)
4(680 681 640 639)
4(2361 2402 2403 2362)
4(681 682 641 640)
4(2362 2403 2404 2363)
4(682 683 642 641)
4(2363 2404 2405 2364)
4(683 684 643 642)
4(2364 2405 2406 2365)
4(684 685 644 643)
4(2365 2406 2407 2366)
4(685 686 645 644)
4(2366 2407 2408 2367)
4(686 687 646 645)
4(2367 2408 2409 2368)
4(687 688 647 646)
4(2368 2409 2410 2369)
4(688 689 648 647)
4(2369 2410 2411 2370)
4(689 690 649 648)
4(2370 2411 2412 2371)
4(690 691 650 649)
4(2371 2412 2413 2372)
4(691 692 651 650)
4(2372 2413 2414 2373)
4(692 693 652 651)
4(2373 2414 2415 2374)
4(693 694 653 652)
4(2374 2415 2416 2375)
4(694 695 654 653)
4(2375 2416 2417 2376)
4(695 696 655 654)
4(2376 2417 2418 2377)
4(696 697 656 655)
4(2377 2418 2419 2378)
4(697 698 657 656)
4(2378 2419 2420 2379)
4(698 699 658 657)
4(2379 2420 2421 2380)
4(699 700 659 658)
4(2380 2421 2422 2381)
4(700 701 660 659)
4(2381 2422 2423 2382)
4(701 151 150 660)
4(2382 2423 172 173)
4(45 620 68 2)
4(67 3 109 2383)
4(620 621 69 68)
4(2383 109 110 2384)
4(621 622 70 69)
4(2384 110 111 2385)
4(622 623 71 70)
4(2385 111 112 2386)
4(623 624 72 71)
4(2386 112 113 2387)
4(624 625 73 72)
4(2387 113 114 2388)
4(625 626 74 73)
4(2388 114 115 2389)
4(626 627 75 74)
4(2389 115 116 2390)
4(627 628 76 75)
4(2390 116 117 2391)
4(628 629 77 76)
4(2391 117 118 2392)
4(629 630 78 77)
4(2392 118 119 2393)
4(630 631 79 78)
4(2393 119 120 2394)
4(631 632 80 79)
4(2394 120 121 2395)
4(632 633 81 80)
4(2395 121 122 2396)
4(633 634 82 81)
4(2396 122 123 2397)
4(634 635 83 82)
4(2397 123 124 2398)
4(635 636 84 83)
4(2398 124 125 2399)
4(636 637 85 84)
4(2399 125 126 2400)
4(637 638 86 85)
4(2400 126 127 2401)
4(638 639 87 86)
4(2401 127 128 2402)
4(639 640 88 87)
4(2402 128 129 2403)
4(640 641 89 88)
4(2403 129 130 2404)
4(641 642 90 89)
4(2404 130 131 2405)
4(642 643 91 90)
4(2405 131 132 2406)
4(643 644 92 91)
4(2406 132 133 2407)
4(644 645 93 92)
4(2407 133 134 2408)
4(645 646 94 93)
4(2408 134 135 2409)
4(646 647 95 94)
4(2409 135 136 2410)
4(647 648 96 95)
4(2410 136 137 2411)
4(648 649 97 96)
4(2411 137 138 2412)
4(649 650 98 97)
4(2412 138 139 2413)
4(650 651 99 98)
4(2413 139 140 2414)
4(651 652 100 99)
4(2414 140 141 2415)
4(652 653 101 100)
4(2415 141 142 2416)
4(653 654 102 101)
4(2416 142 143 2417)
4(654 655 103 102)
4(2417 143 144 2418)
4(655 656 104 103)
4(2418 144 145 2419)
4(656 657 105 104)
4(2419 145 146 2420)
4(657 658 106 105)
4(2420 146 147 2421)
4(658 659 107 106)
4(2421 147 148 2422)
4(659 660 108 107)
4(2422 148 149 2423)
4(660 150 4 108)
4(2423 149 5 172)
4(6 234 2424 276)
4(7 277 2465 275)
4(234 233 2425 2424)
4(275 2465 2466 274)
4(233 232 2426 2425)
4(274 2466 2467 273)
4(232 231 2427 2426)
4(273 2467 2468 272)
4(231 230 2428 2427)
4(272 2468 2469 271)
4(230 229 2429 2428)
4(271 2469 2470 270)
4(229 228 2430 2429)
4(270 2470 2471 269)
4(228 227 2431 2430)
4(269 2471 2472 268)
4(227 226 2432 2431)
4(268 2472 2473 267)
4(226 225 2433 2432)
4(267 2473 2474 266)
4(225 224 2434 2433)
4(266 2474 2475 265)
4(224 223 2435 2434)
4(265 2475 2476 264)
4(223 222 2436 2435)
4(264 2476 2477 263)
4(222 221 2437 2436)
4(263 2477 2478 262)
4(221 220 2438 2437)
4(262 2478 2479 261)
4(220 219 2439 2438)
4(261 2479 2480 260)
4(219 218 2440 2439)
4(260 2480 2481 259)
4(218 217 2441 2440)
4(259 2481 2482 258)
4(217 216 2442 2441)
4(258 2482 2483 257)
4(216 215 2443 2442)
4(257 2483 2484 256)
4(215 214 2444 2443)
4(256 2484 2485 255)
4(214 213 2445 2444)
4(255 2485 2486 254)
4(213 212 2446 2445)
4(254 2486 2487 253)
4(212 211 2447 2446)
4(253 2487 2488 252)
4(211 210 2448 2447)
4(252 2488 2489 251)
4(210 209 2449 2448)
4(251 2489 2490 250)
4(209 208 2450 2449)
4(250 2490 2491 249)
4(208 207 2451 2450)
4(249 2491 2492 248)
4(207 206 2452 2451)
4(248 2492 2493 247)
4(206 205 2453 2452)
4(247 2493 2494 246)
4(205 204 2454 2453)
4(246 2494 2495 245)
4(204 203 2455 2454)
4(245 2495 2496 244)
4(203 202 2456 2455)
4(244 2496 2497 243)
4(202 201 2457 2456)
4(243 2497 2498 242)
4(201 200 2458 2457)
4(242 2498 2499 241)
4(200 199 2459 2458)
4(241 2499 2500 240)
4(199 198 2460 2459)
4(240 2500 2501 239)
4(198 197 2461 2460)
4(239 2501 2502 238)
4(197 196 2462 2461)
4(238 2502 2503 237)
4(196 195 2463 2462)
4(237 2503 2504 236)
4(195 194 2464 2463)
4(236 2504 2505 235)
4(194 0 360 2464)
4(235 2505 361 1)
4(276 2424 318 8)
4(277 9 359 2465)
4(2424 2425 317 318)
4(2465 359 358 2466)
4(2425 2426 316 317)
4(2466 358 357 2467)
4(2426 2427 315 316)
4(2467 357 356 2468)
4(2427 2428 314 315)
4(2468 356 355 2469)
4(2428 2429 313 314)
4(2469 355 354 2470)
4(2429 2430 312 313)
4(2470 354 353 2471)
4(2430 2431 311 312)
4(2471 353 352 2472)
4(2431 2432 310 311)
4(2472 352 351 2473)
4(2432 2433 309 310)
4(2473 351 350 2474)
4(2433 2434 308 309)
4(2474 350 349 2475)
4(2434 2435 307 308)
4(2475 349 348 2476)
4(2435 2436 306 307)
4(2476 348 347 2477)
4(2436 2437 305 306)
4(2477 347 346 2478)
4(2437 2438 304 305)
4(2478 346 345 2479)
4(2438 2439 303 304)
4(2479 345 344 2480)
4(2439 2440 302 303)
4(2480 344 343 2481)
4(2440 2441 301 302)
4(2481 343 342 2482)
4(2441 2442 300 301)
4(2482 342 341 2483)
4(2442 2443 299 300)
4(2483 341 340 2484)
4(2443 2444 298 299)
4(2484 340 339 2485)
4(2444 2445 297 298)
4(2485 339 338 2486)
4(2445 2446 296 297)
4(2486 338 337 2487)
4(2446 2447 295 296)
4(2487 337 336 2488)
4(2447 2448 294 295)
4(2488 336 335 2489)
4(2448 2449 293 294)
4(2489 335 334 2490)
4(2449 2450 292 293)
4(2490 334 333 2491)
4(2450 2451 291 292)
4(2491 333 332 2492)
4(2451 2452 290 291)
4(2492 332 331 2493)
4(2452 2453 289 290)
4(2493 331 330 2494)
4(2453 2454 288 289)
4(2494 330 329 2495)
4(2454 2455 287 288)
4(2495 329 328 2496)
4(2455 2456 286 287)
4(2496 328 327 2497)
4(2456 2457 285 286)
4(2497 327 326 2498)
4(2457 2458 284 285)
4(2498 326 325 2499)
4(2458 2459 283 284)
4(2499 325 324 2500)
4(2459 2460 282 283)
4(2500 324 323 2501)
4(2460 2461 281 282)
4(2501 323 322 2502)
4(2461 2462 280 281)
4(2502 322 321 2503)
4(2462 2463 279 280)
4(2503 321 320 2504)
4(2463 2464 278 279)
4(2504 320 319 2505)
4(2464 360 10 278)
4(2505 319 11 361)
4(12 497 3226 362)
4(13 403 3244 515)
4(497 496 3227 3226)
4(515 3244 3245 514)
4(496 495 3228 3227)
4(514 3245 3246 513)
4(495 494 3229 3228)
4(513 3246 3247 512)
4(494 493 3230 3229)
4(512 3247 3248 511)
4(493 492 3231 3230)
4(511 3248 3249 510)
4(492 491 3232 3231)
4(510 3249 3250 509)
4(491 490 3233 3232)
4(509 3250 3251 508)
4(490 489 3234 3233)
4(508 3251 3252 507)
4(489 488 3235 3234)
4(507 3252 3253 506)
4(488 487 3236 3235)
4(506 3253 3254 505)
4(487 486 3237 3236)
4(505 3254 3255 504)
4(486 485 3238 3237)
4(504 3255 3256 503)
4(485 484 3239 3238)
4(503 3256 3257 502)
4(484 483 3240 3239)
4(502 3257 3258 501)
4(483 482 3241 3240)
4(501 3258 3259 500)
4(482 481 3242 3241)
4(500 3259 3260 499)
4(481 480 3243 3242)
4(499 3260 3261 498)
4(480 8 318 3243)
4(498 3261 359 9)
4(362 3226 3208 363)
4(403 404 3262 3244)
4(3226 3227 3209 3208)
4(3244 3262 3263 3245)
4(3227 3228 3210 3209)
4(3245 3263 3264 3246)
4(3228 3229 3211 3210)
4(3246 3264 3265 3247)
4(3229 3230 3212 3211)
4(3247 3265 3266 3248)
4(3230 3231 3213 3212)
4(3248 3266 3267 3249)
4(3231 3232 3214 3213)
4(3249 3267 3268 3250)
4(3232 3233 3215 3214)
4(3250 3268 3269 3251)
4(3233 3234 3216 3215)
4(3251 3269 3270 3252)
4(3234 3235 3217 3216)
4(3252 3270 3271 3253)
4(3235 3236 3218 3217)
4(3253 3271 3272 3254)
4(3236 3237 3219 3218)
4(3254 3272 3273 3255)
4(3237 3238 3220 3219)
4(3255 3273 3274 3256)
4(3238 3239 3221 3220)
4(3256 3274 3275 3257)
4(3239 3240 3222 3221)
4(3257 3275 3276 3258)
4(3240 3241 3223 3222)
4(3258 3276 3277 3259)
4(3241 3242 3224 3223)
4(3259 3277 3278 3260)
4(3242 3243 3225 3224)
4(3260 3278 3279 3261)
4(3243 318 317 3225)
4(3261 3279 358 359)
4(363 3208 3190 364)
4(404 405 3280 3262)
4(3208 3209 3191 3190)
4(3262 3280 3281 3263)
4(3209 3210 3192 3191)
4(3263 3281 3282 3264)
4(3210 3211 3193 3192)
4(3264 3282 3283 3265)
4(3211 3212 3194 3193)
4(3265 3283 3284 3266)
4(3212 3213 3195 3194)
4(3266 3284 3285 3267)
4(3213 3214 3196 3195)
4(3267 3285 3286 3268)
4(3214 3215 3197 3196)
4(3268 3286 3287 3269)
4(3215 3216 3198 3197)
4(3269 3287 3288 3270)
4(3216 3217 3199 3198)
4(3270 3288 3289 3271)
4(3217 3218 3200 3199)
4(3271 3289 3290 3272)
4(3218 3219 3201 3200)
4(3272 3290 3291 3273)
4(3219 3220 3202 3201)
4(3273 3291 3292 3274)
4(3220 3221 3203 3202)
4(3274 3292 3293 3275)
4(3221 3222 3204 3203)
4(3275 3293 3294 3276)
4(3222 3223 3205 3204)
4(3276 3294 3295 3277)
4(3223 3224 3206 3205)
4(3277 3295 3296 3278)
4(3224 3225 3207 3206)
4(3278 3296 3297 3279)
4(3225 317 316 3207)
4(3279 3297 357 358)
4(364 3190 3172 365)
4(405 406 3298 3280)
4(3190 3191 3173 3172)
4(3280 3298 3299 3281)
4(3191 3192 3174 3173)
4(3281 3299 3300 3282)
4(3192 3193 3175 3174)
4(3282 3300 3301 3283)
4(3193 3194 3176 3175)
4(3283 3301 3302 3284)
4(3194 3195 3177 3176)
4(3284 3302 3303 3285)
4(3195 3196 3178 3177)
4(3285 3303 3304 3286)
4(3196 3197 3179 3178)
4(3286 3304 3305 3287)
4(3197 3198 3180 3179)
4(3287 3305 3306 3288)
4(3198 3199 3181 3180)
4(3288 3306 3307 3289)
4(3199 3200 3182 3181)
4(3289 3307 3308 3290)
4(3200 3201 3183 3182)
4(3290 3308 3309 3291)
4(3201 3202 3184 3183)
4(3291 3309 3310 3292)
4(3202 3203 3185 3184)
4(3292 3310 3311 3293)
4(3203 3204 3186 3185)
4(3293 3311 3312 3294)
4(3204 3205 3187 3186)
4(3294 3312 3313 3295)
4(3205 3206 3188 3187)
4(3295 3313 3314 3296)
4(3206 3207 3189 3188)
4(3296 3314 3315 3297)
4(3207 316 315 3189)
4(3297 3315 356 357)
4(365 3172 3154 366)
4(406 407 3316 3298)
4(3172 3173 3155 3154)
4(3298 3316 3317 3299)
4(3173 3174 3156 3155)
4(3299 3317 3318 3300)
4(3174 3175 3157 3156)
4(3300 3318 3319 3301)
4(3175 3176 3158 3157)
4(3301 3319 3320 3302)
4(3176 3177 3159 3158)
4(3302 3320 3321 3303)
4(3177 3178 3160 3159)
4(3303 3321 3322 3304)
4(3178 3179 3161 3160)
4(3304 3322 3323 3305)
4(3179 3180 3162 3161)
4(3305 3323 3324 3306)
4(3180 3181 3163 3162)
4(3306 3324 3325 3307)
4(3181 3182 3164 3163)
4(3307 3325 3326 3308)
4(3182 3183 3165 3164)
4(3308 3326 3327 3309)
4(3183 3184 3166 3165)
4(3309 3327 3328 3310)
4(3184 3185 3167 3166)
4(3310 3328 3329 3311)
4(3185 3186 3168 3167)
4(3311 3329 3330 3312)
4(3186 3187 3169 3168)
4(3312 3330 3331 3313)
4(3187 3188 3170 3169)
4(3313 3331 3332 3314)
4(3188 3189 3171 3170)
4(3314 3332 3333 3315)
4(3189 315 314 3171)
4(3315 3333 355 356)
4(366 3154 3136 367)
4(407 408 3334 3316)
4(3154 3155 3137 3136)
4(3316 3334 3335 3317)
4(3155 3156 3138 3137)
4(3317 3335 3336 3318)
4(3156 3157 3139 3138)
4(3318 3336 3337 3319)
4(3157 3158 3140 3139)
4(3319 3337 3338 3320)
4(3158 3159 3141 3140)
4(3320 3338 3339 3321)
4(3159 3160 3142 3141)
4(3321 3339 3340 3322)
4(3160 3161 3143 3142)
4(3322 3340 3341 3323)
4(3161 3162 3144 3143)
4(3323 3341 3342 3324)
4(3162 3163 3145 3144)
4(3324 3342 3343 3325)
4(3163 3164 3146 3145)
4(3325 3343 3344 3326)
4(3164 3165 3147 3146)
4(3326 3344 3345 3327)
4(3165 3166 3148 3147)
4(3327 3345 3346 3328)
4(3166 3167 3149 3148)
4(3328 3346 3347 3329)
4(3167 3168 3150 3149)
4(3329 3347 3348 3330)
4(3168 3169 3151 3150)
4(3330 3348 3349 3331)
4(3169 3170 3152 3151)
4(3331 3349 3350 3332)
4(3170 3171 3153 3152)
4(3332 3350 3351 3333)
4(3171 314 313 3153)
4(3333 3351 354 355)
4(367 3136 3118 368)
4(408 409 3352 3334)
4(3136 3137 3119 3118)
4(3334 3352 3353 3335)
4(3137 3138 3120 3119)
4(3335 3353 3354 3336)
4(3138 3139 3121 3120)
4(3336 3354 3355 3337)
4(3139 3140 3122 3121)
4(3337 3355 3356 3338)
4(3140 3141 3123 3122)
4(3338 3356 3357 3339)
4(3141 3142 3124 3123)
4(3339 3357 3358 3340)
4(3142 3143 3125 3124)
4(3340 3358 3359 3341)
4(3143 3144 3126 3125)
4(3341 3359 3360 3342)
4(3144 3145 3127 3126)
4(3342 3360 3361 3343)
4(3145 3146 3128 3127)
4(3343 3361 3362 3344)
4(3146 3147 3129 3128)
4(3344 3362 3363 3345)
4(3147 3148 3130 3129)
4(3345 3363 3364 3346)
4(3148 3149 3131 3130)
4(3346 3364 3365 3347)
4(3149 3150 3132 3131)
4(3347 3365 3366 3348)
4(3150 3151 3133 3132)
4(3348 3366 3367 3349)
4(3151 3152 3134 3133)
4(3349 3367 3368 3350)
4(3152 3153 3135 3134)
4(3350 3368 3369 3351)
4(3153 313 312 3135)
4(3351 3369 353 354)
4(368 3118 3100 369)
4(409 410 3370 3352)
4(3118 3119 3101 3100)
4(3352 3370 3371 3353)
4(3119 3120 3102 3101)
4(3353 3371 3372 3354)
4(3120 3121 3103 3102)
4(3354 3372 3373 3355)
4(3121 3122 3104 3103)
4(3355 3373 3374 3356)
4(3122 3123 3105 3104)
4(3356 3374 3375 3357)
4(3123 3124 3106 3105)
4(3357 3375 3376 3358)
4(3124 3125 3107 3106)
4(3358 3376 3377 3359)
4(3125 3126 3108 3107)
4(3359 3377 3378 3360)
4(3126 3127 3109 3108)
4(3360 3378 3379 3361)
4(3127 3128 3110 3109)
4(3361 3379 3380 3362)
4(3128 3129 3111 3110)
4(3362 3380 3381 3363)
4(3129 3130 3112 3111)
4(3363 3381 3382 3364)
4(3130 3131 3113 3112)
4(3364 3382 3383 3365)
4(3131 3132 3114 3113)
4(3365 3383 3384 3366)
4(3132 3133 3115 3114)
4(3366 3384 3385 3367)
4(3133 3134 3116 3115)
4(3367 3385 3386 3368)
4(3134 3135 3117 3116)
4(3368 3386 3387 3369)
4(3135 312 311 3117)
4(3369 3387 352 353)
4(369 3100 3082 370)
4(410 411 3388 3370)
4(3100 3101 3083 3082)
4(3370 3388 3389 3371)
4(3101 3102 3084 3083)
4(3371 3389 3390 3372)
4(3102 3103 3085 3084)
4(3372 3390 3391 3373)
4(3103 3104 3086 3085)
4(3373 3391 3392 3374)
4(3104 3105 3087 3086)
4(3374 3392 3393 3375)
4(3105 3106 3088 3087)
4(3375 3393 3394 3376)
4(3106 3107 3089 3088)
4(3376 3394 3395 3377)
4(3107 3108 3090 3089)
4(3377 3395 3396 3378)
4(3108 3109 3091 3090)
4(3378 3396 3397 3379)
4(3109 3110 3092 3091)
4(3379 3397 3398 3380)
4(3110 3111 3093 3092)
4(3380 3398 3399 3381)
4(3111 3112 3094 3093)
4(3381 3399 3400 3382)
4(3112 3113 3095 3094)
4(3382 3400 3401 3383)
4(3113 3114 3096 3095)
4(3383 3401 3402 3384)
4(3114 3115 3097 3096)
4(3384 3402 3403 3385)
4(3115 3116 3098 3097)
4(3385 3403 3404 3386)
4(3116 3117 3099 3098)
4(3386 3404 3405 3387)
4(3117 311 310 3099)
4(3387 3405 351 352)
4(370 3082 3064 371)
4(411 412 3406 3388)
4(3082 3083 3065 3064)
4(3388 3406 3407 3389)
4(3083 3084 3066 3065)
4(3389 3407 3408 3390)
4(3084 3085 3067 3066)
4(3390 3408 3409 3391)
4(3085 3086 3068 3067)
4(3391 3409 3410 3392)
4(3086 3087 3069 3068)
4(3392 3410 3411 3393)
4(3087 3088 3070 3069)
4(3393 3411 3412 3394)
4(3088 3089 3071 3070)
4(3394 3412 3413 3395)
4(3089 3090 3072 3071)
4(3395 3413 3414 3396)
4(3090 3091 3073 3072)
4(3396 3414 3415 3397)
4(3091 3092 3074 3073)
4(3397 3415 3416 3398)
4(3092 3093 3075 3074)
4(3398 3416 3417 3399)
4(3093 3094 3076 3075)
4(3399 3417 3418 3400)
4(3094 3095 3077 3076)
4(3400 3418 3419 3401)
4(3095 3096 3078 3077)
4(3401 3419 3420 3402)
4(3096 3097 3079 3078)
4(3402 3420 3421 3403)
4(3097 3098 3080 3079)
4(3403 3421 3422 3404)
4(3098 3099 3081 3080)
4(3404 3422 3423 3405)
4(3099 310 309 3081)
4(3405 3423 350 351)
4(371 3064 3046 372)
4(412 413 3424 3406)
4(3064 3065 3047 3046)
4(3406 3424 3425 3407)
4(3065 3066 3048 3047)
4(3407 3425 3426 3408)
4(3066 3067 3049 3048)
4(3408 3426 3427 3409)
4(3067 3068 3050 3049)
4(3409 3427 3428 3410)
4(3068 3069 3051 3050)
4(3410 3428 3429 3411)
4(3069 3070 3052 3051)
4(3411 3429 3430 3412)
4(3070 3071 3053 3052)
4(3412 3430 3431 3413)
4(3071 3072 3054 3053)
4(3413 3431 3432 3414)
4(3072 3073 3055 3054)
4(3414 3432 3433 3415)
4(3073 3074 3056 3055)
4(3415 3433 3434 3416)
4(3074 3075 3057 3056)
4(3416 3434 3435 3417)
4(3075 3076 3058 3057)
4(3417 3435 3436 3418)
4(3076 3077 3059 3058)
4(3418 3436 3437 3419)
4(3077 3078 3060 3059)
4(3419 3437 3438 3420)
4(3078 3079 3061 3060)
4(3420 3438 3439 3421)
4(3079 3080 3062 3061)
4(3421 3439 3440 3422)
4(3080 3081 3063 3062)
4(3422 3440 3441 3423)
4(3081 309 308 3063)
4(3423 3441 349 350)
4(372 3046 3028 373)
4(413 414 3442 3424)
4(3046 3047 3029 3028)
4(3424 3442 3443 3425)
4(3047 3048 3030 3029)
4(3425 3443 3444 3426)
4(3048 3049 3031 3030)
4(3426 3444 3445 3427)
4(3049 3050 3032 3031)
4(3427 3445 3446 3428)
4(3050 3051 3033 3032)
4(3428 3446 3447 3429)
4(3051 3052 3034 3033)
4(3429 3447 3448 3430)
4(3052 3053 3035 3034)
4(3430 3448 3449 3431)
4(3053 3054 3036 3035)
4(3431 3449 3450 3432)
4(3054 3055 3037 3036)
4(3432 3450 3451 3433)
4(3055 3056 3038 3037)
4(3433 3451 3452 3434)
4(3056 3057 3039 3038)
4(3434 3452 3453 3435)
4(3057 3058 3040 3039)
4(3435 3453 3454 3436)
4(3058 3059 3041 3040)
4(3436 3454 3455 3437)
4(3059 3060 3042 3041)
4(3437 3455 3456 3438)
4(3060 3061 3043 3042)
4(3438 3456 3457 3439)
4(3061 3062 3044 3043)
4(3439 3457 3458 3440)
4(3062 3063 3045 3044)
4(3440 3458 3459 3441)
4(3063 308 307 3045)
4(3441 3459 348 349)
4(373 3028 3010 374)
4(414 415 3460 3442)
4(3028 3029 3011 3010)
4(3442 3460 3461 3443)
4(3029 3030 3012 3011)
4(3443 3461 3462 3444)
4(3030 3031 3013 3012)
4(3444 3462 3463 3445)
4(3031 3032 3014 3013)
4(3445 3463 3464 3446)
4(3032 3033 3015 3014)
4(3446 3464 3465 3447)
4(3033 3034 3016 3015)
4(3447 3465 3466 3448)
4(3034 3035 3017 3016)
4(3448 3466 3467 3449)
4(3035 3036 3018 3017)
4(3449 3467 3468 3450)
4(3036 3037 3019 3018)
4(3450 3468 3469 3451)
4(3037 3038 3020 3019)
4(3451 3469 3470 3452)
4(3038 3039 3021 3020)
4(3452 3470 3471 3453)
4(3039 3040 3022 3021)
4(3453 3471 3472 3454)
4(3040 3041 3023 3022)
4(3454 3472 3473 3455)
4(3041 3042 3024 3023)
4(3455 3473 3474 3456)
4(3042 3043 3025 3024)
4(3456 3474 3475 3457)
4(3043 3044 3026 3025)
4(3457 3475 3476 3458)
4(3044 3045 3027 3026)
4(3458 3476 3477 3459)
4(3045 307 306 3027)
4(3459 3477 347 348)
4(374 3010 2992 375)
4(415 416 3478 3460)
4(3010 3011 2993 2992)
4(3460 3478 3479 3461)
4(3011 3012 2994 2993)
4(3461 3479 3480 3462)
4(3012 3013 2995 2994)
4(3462 3480 3481 3463)
4(3013 3014 2996 2995)
4(3463 3481 3482 3464)
4(3014 3015 2997 2996)
4(3464 3482 3483 3465)
4(3015 3016 2998 2997)
4(3465 3483 3484 3466)
4(3016 3017 2999 2998)
4(3466 3484 3485 3467)
4(3017 3018 3000 2999)
4(3467 3485 3486 3468)
4(3018 3019 3001 3000)
4(3468 3486 3487 3469)
4(3019 3020 3002 3001)
4(3469 3487 3488 3470)
4(3020 3021 3003 3002)
4(3470 3488 3489 3471)
4(3021 3022 3004 3003)
4(3471 3489 3490 3472)
4(3022 3023 3005 3004)
4(3472 3490 3491 3473)
4(3023 3024 3006 3005)
4(3473 3491 3492 3474)
4(3024 3025 3007 3006)
4(3474 3492 3493 3475)
4(3025 3026 3008 3007)
4(3475 3493 3494 3476)
4(3026 3027 3009 3008)
4(3476 3494 3495 3477)
4(3027 306 305 3009)
4(3477 3495 346 347)
4(375 2992 2974 376)
4(416 417 3496 3478)
4(2992 2993 2975 2974)
4(3478 3496 3497 3479)
4(2993 2994 2976 2975)
4(3479 3497 3498 3480)
4(2994 2995 2977 2976)
4(3480 3498 3499 3481)
4(2995 2996 2978 2977)
4(3481 3499 3500 3482)
4(2996 2997 2979 2978)
4(3482 3500 3501 3483)
4(2997 2998 2980 2979)
4(3483 3501 3502 3484)
4(2998 2999 2981 2980)
4(3484 3502 3503 3485)
4(2999 3000 2982 2981)
4(3485 3503 3504 3486)
4(3000 3001 2983 2982)
4(3486 3504 3505 3487)
4(3001 3002 2984 2983)
4(3487 3505 3506 3488)
4(3002 3003 2985 2984)
4(3488 3506 3507 3489)
4(3003 3004 2986 2985)
4(3489 3507 3508 3490)
4(3004 3005 2987 2986)
4(3490 3508 3509 3491)
4(3005 3006 2988 2987)
4(3491 3509 3510 3492)
4(3006 3007 2989 2988)
4(3492 3510 3511 3493)
4(3007 3008 2990 2989)
4(3493 3511 3512 3494)
4(3008 3009 2991 2990)
4(3494 3512 3513 3495)
4(3009 305 304 2991)
4(3495 3513 345 346)
4(376 2974 2956 377)
4(417 418 3514 3496)
4(2974 2975 2957 2956)
4(3496 3514 3515 3497)
4(2975 2976 2958 2957)
4(3497 3515 3516 3498)
4(2976 2977 2959 2958)
4(3498 3516 3517 3499)
4(2977 2978 2960 2959)
4(3499 3517 3518 3500)
4(2978 2979 2961 2960)
4(3500 3518 3519 3501)
4(2979 2980 2962 2961)
4(3501 3519 3520 3502)
4(2980 2981 2963 2962)
4(3502 3520 3521 3503)
4(2981 2982 2964 2963)
4(3503 3521 3522 3504)
4(2982 2983 2965 2964)
4(3504 3522 3523 3505)
4(2983 2984 2966 2965)
4(3505 3523 3524 3506)
4(2984 2985 2967 2966)
4(3506 3524 3525 3507)
4(2985 2986 2968 2967)
4(3507 3525 3526 3508)
4(2986 2987 2969 2968)
4(3508 3526 3527 3509)
4(2987 2988 2970 2969)
4(3509 3527 3528 3510)
4(2988 2989 2971 2970)
4(3510 3528 3529 3511)
4(2989 2990 2972 2971)
4(3511 3529 3530 3512)
4(2990 2991 2973 2972)
4(3512 3530 3531 3513)
4(2991 304 303 2973)
4(3513 3531 344 345)
4(377 2956 2938 378)
4(418 419 3532 3514)
4(2956 2957 2939 2938)
4(3514 3532 3533 3515)
4(2957 2958 2940 2939)
4(3515 3533 3534 3516)
4(2958 2959 2941 2940)
4(3516 3534 3535 3517)
4(2959 2960 2942 2941)
4(3517 3535 3536 3518)
4(2960 2961 2943 2942)
4(3518 3536 3537 3519)
4(2961 2962 2944 2943)
4(3519 3537 3538 3520)
4(2962 2963 2945 2944)
4(3520 3538 3539 3521)
4(2963 2964 2946 2945)
4(3521 3539 3540 3522)
4(2964 2965 2947 2946)
4(3522 3540 3541 3523)
4(2965 2966 2948 2947)
4(3523 3541 3542 3524)
4(2966 2967 2949 2948)
4(3524 3542 3543 3525)
4(2967 2968 2950 2949)
4(3525 3543 3544 3526)
4(2968 2969 2951 2950)
4(3526 3544 3545 3527)
4(2969 2970 2952 2951)
4(3527 3545 3546 3528)
4(2970 2971 2953 2952)
4(3528 3546 3547 3529)
4(2971 2972 2954 2953)
4(3529 3547 3548 3530)
4(2972 2973 2955 2954)
4(3530 3548 3549 3531)
4(2973 303 302 2955)
4(3531 3549 343 344)
4(378 2938 2920 379)
4(419 420 3550 3532)
4(2938 2939 2921 2920)
4(3532 3550 3551 3533)
4(2939 2940 2922 2921)
4(3533 3551 3552 3534)
4(2940 2941 2923 2922)
4(3534 3552 3553 3535)
4(2941 2942 2924 2923)
4(3535 3553 3554 3536)
4(2942 2943 2925 2924)
4(3536 3554 3555 3537)
4(2943 2944 2926 2925)
4(3537 3555 3556 3538)
4(2944 2945 2927 2926)
4(3538 3556 3557 3539)
4(2945 2946 2928 2927)
4(3539 3557 3558 3540)
4(2946 2947 2929 2928)
4(3540 3558 3559 3541)
4(2947 2948 2930 2929)
4(3541 3559 3560 3542)
4(2948 2949 2931 2930)
4(3542 3560 3561 3543)
4(2949 2950 2932 2931)
4(3543 3561 3562 3544)
4(2950 2951 2933 2932)
4(3544 3562 3563 3545)
4(2951 2952 2934 2933)
4(3545 3563 3564 3546)
4(2952 2953 2935 2934)
4(3546 3564 3565 3547)
4(2953 2954 2936 2935)
4(3547 3565 3566 3548)
4(2954 2955 2937 2936)
4(3548 3566 3567 3549)
4(2955 302 301 2937)
4(3549 3567 342 343)
4(379 2920 2902 380)
4(420 421 3568 3550)
4(2920 2921 2903 2902)
4(3550 3568 3569 3551)
4(2921 2922 2904 2903)
4(3551 3569 3570 3552)
4(2922 2923 2905 2904)
4(3552 3570 3571 3553)
4(2923 2924 2906 2905)
4(3553 3571 3572 3554)
4(2924 2925 2907 2906)
4(3554 3572 3573 3555)
4(2925 2926 2908 2907)
4(3555 3573 3574 3556)
4(2926 2927 2909 2908)
4(3556 3574 3575 3557)
4(2927 2928 2910 2909)
4(3557 3575 3576 3558)
4(2928 2929 2911 2910)
4(3558 3576 3577 3559)
4(2929 2930 2912 2911)
4(3559 3577 3578 3560)
4(2930 2931 2913 2912)
4(3560 3578 3579 3561)
4(2931 2932 2914 2913)
4(3561 3579 3580 3562)
4(2932 2933 2915 2914)
4(3562 3580 3581 3563)
4(2933 2934 2916 2915)
4(3563 3581 3582 3564)
4(2934 2935 2917 2916)
4(3564 3582 3583 3565)
4(2935 2936 2918 2917)
4(3565 3583 3584 3566)
4(2936 2937 2919 2918)
4(3566 3584 3585 3567)
4(2937 301 300 2919)
4(3567 3585 341 342)
4(380 2902 2884 381)
4(421 422 3586 3568)
4(2902 2903 2885 2884)
4(3568 3586 3587 3569)
4(2903 2904 2886 2885)
4(3569 3587 3588 3570)
4(2904 2905 2887 2886)
4(3570 3588 3589 3571)
4(2905 2906 2888 2887)
4(3571 3589 3590 3572)
4(2906 2907 2889 2888)
4(3572 3590 3591 3573)
4(2907 2908 2890 2889)
4(3573 3591 3592 3574)
4(2908 2909 2891 2890)
4(3574 3592 3593 3575)
4(2909 2910 2892 2891)
4(3575 3593 3594 3576)
4(2910 2911 2893 2892)
4(3576 3594 3595 3577)
4(2911 2912 2894 2893)
4(3577 3595 3596 3578)
4(2912 2913 2895 2894)
4(3578 3596 3597 3579)
4(2913 2914 2896 2895)
4(3579 3597 3598 3580)
4(2914 2915 2897 2896)
4(3580 3598 3599 3581)
4(2915 2916 2898 2897)
4(3581 3599 3600 3582)
4(2916 2917 2899 2898)
4(3582 3600 3601 3583)
4(2917 2918 2900 2899)
4(3583 3601 3602 3584)
4(2918 2919 2901 2900)
4(3584 3602 3603 3585)
4(2919 300 299 2901)
4(3585 3603 340 341)
4(381 2884 2866 382)
4(422 423 3604 3586)
4(2884 2885 2867 2866)
4(3586 3604 3605 3587)
4(2885 2886 2868 2867)
4(3587 3605 3606 3588)
4(2886 2887 2869 2868)
4(3588 3606 3607 3589)
4(2887 2888 2870 2869)
4(3589 3607 3608 3590)
4(2888 2889 2871 2870)
4(3590 3608 3609 3591)
4(2889 2890 2872 2871)
4(3591 3609 3610 3592)
4(2890 2891 2873 2872)
4(3592 3610 3611 3593)
4(2891 2892 2874 2873)
4(3593 3611 3612 3594)
4(2892 2893 2875 2874)
4(3594 3612 3613 3595)
4(2893 2894 2876 2875)
4(3595 3613 3614 3596)
4(2894 2895 2877 2876)
4(3596 3614 3615 3597)
4(2895 2896 2878 2877)
4(3597 3615 3616 3598)
4(2896 2897 2879 2878)
4(3598 3616 3617 3599)
4(2897 2898 2880 2879)
4(3599 3617 3618 3600)
4(2898 2899 2881 2880)
4(3600 3618 3619 3601)
4(2899 2900 2882 2881)
4(3601 3619 3620 3602)
4(2900 2901 2883 2882)
4(3602 3620 3621 3603)
4(2901 299 298 2883)
4(3603 3621 339 340)
4(382 2866 2848 383)
4(423 424 3622 3604)
4(2866 2867 2849 2848)
4(3604 3622 3623 3605)
4(2867 2868 2850 2849)
4(3605 3623 3624 3606)
4(2868 2869 2851 2850)
4(3606 3624 3625 3607)
4(2869 2870 2852 2851)
4(3607 3625 3626 3608)
4(2870 2871 2853 2852)
4(3608 3626 3627 3609)
4(2871 2872 2854 2853)
4(3609 3627 3628 3610)
4(2872 2873 2855 2854)
4(3610 3628 3629 3611)
4(2873 2874 2856 2855)
4(3611 3629 3630 3612)
4(2874 2875 2857 2856)
4(3612 3630 3631 3613)
4(2875 2876 2858 2857)
4(3613 3631 3632 3614)
4(2876 2877 2859 2858)
4(3614 3632 3633 3615)
4(2877 2878 2860 2859)
4(3615 3633 3634 3616)
4(2878 2879 2861 2860)
4(3616 3634 3635 3617)
4(2879 2880 2862 2861)
4(3617 3635 3636 3618)
4(2880 2881 2863 2862)
4(3618 3636 3637 3619)
4(2881 2882 2864 2863)
4(3619 3637 3638 3620)
4(2882 2883 2865 2864)
4(3620 3638 3639 3621)
4(2883 298 297 2865)
4(3621 3639 338 339)
4(383 2848 2830 384)
4(424 425 3640 3622)
4(2848 2849 2831 2830)
4(3622 3640 3641 3623)
4(2849 2850 2832 2831)
4(3623 3641 3642 3624)
4(2850 2851 2833 2832)
4(3624 3642 3643 3625)
4(2851 2852 2834 2833)
4(3625 3643 3644 3626)
4(2852 2853 2835 2834)
4(3626 3644 3645 3627)
4(2853 2854 2836 2835)
4(3627 3645 3646 3628)
4(2854 2855 2837 2836)
4(3628 3646 3647 3629)
4(2855 2856 2838 2837)
4(3629 3647 3648 3630)
4(2856 2857 2839 2838)
4(3630 3648 3649 3631)
4(2857 2858 2840 2839)
4(3631 3649 3650 3632)
4(2858 2859 2841 2840)
4(3632 3650 3651 3633)
4(2859 2860 2842 2841)
4(3633 3651 3652 3634)
4(2860 2861 2843 2842)
4(3634 3652 3653 3635)
4(2861 2862 2844 2843)
4(3635 3653 3654 3636)
4(2862 2863 2845 2844)
4(3636 3654 3655 3637)
4(2863 2864 2846 2845)
4(3637 3655 3656 3638)
4(2864 2865 2847 2846)
4(3638 3656 3657 3639)
4(2865 297 296 2847)
4(3639 3657 337 338)
4(384 2830 2812 385)
4(425 426 3658 3640)
4(2830 2831 2813 2812)
4(3640 3658 3659 3641)
4(2831 2832 2814 2813)
4(3641 3659 3660 3642)
4(2832 2833 2815 2814)
4(3642 3660 3661 3643)
4(2833 2834 2816 2815)
4(3643 3661 3662 3644)
4(2834 2835 2817 2816)
4(3644 3662 3663 3645)
4(2835 2836 2818 2817)
4(3645 3663 3664 3646)
4(2836 2837 2819 2818)
4(3646 3664 3665 3647)
4(2837 2838 2820 2819)
4(3647 3665 3666 3648)
4(2838 2839 2821 2820)
4(3648 3666 3667 3649)
4(2839 2840 2822 2821)
4(3649 3667 3668 3650)
4(2840 2841 2823 2822)
4(3650 3668 3669 3651)
4(2841 2842 2824 2823)
4(3651 3669 3670 3652)
4(2842 2843 2825 2824)
4(3652 3670 3671 3653)
4(2843 2844 2826 2825)
4(3653 3671 3672 3654)
4(2844 2845 2827 2826)
4(3654 3672 3673 3655)
4(2845 2846 2828 2827)
4(3655 3673 3674 3656)
4(2846 2847 2829 2828)
4(3656 3674 3675 3657)
4(2847 296 295 2829)
4(3657 3675 336 337)
4(385 2812 2794 386)
4(426 427 3676 3658)
4(2812 2813 2795 2794)
4(3658 3676 3677 3659)
4(2813 2814 2796 2795)
4(3659 3677 3678 3660)
4(2814 2815 2797 2796)
4(3660 3678 3679 3661)
4(2815 2816 2798 2797)
4(3661 3679 3680 3662)
4(2816 2817 2799 2798)
4(3662 3680 3681 3663)
4(2817 2818 2800 2799)
4(3663 3681 3682 3664)
4(2818 2819 2801 2800)
4(3664 3682 3683 3665)
4(2819 2820 2802 2801)
4(3665 3683 3684 3666)
4(2820 2821 2803 2802)
4(3666 3684 3685 3667)
4(2821 2822 2804 2803)
4(3667 3685 3686 3668)
4(2822 2823 2805 2804)
4(3668 3686 3687 3669)
4(2823 2824 2806 2805)
4(3669 3687 3688 3670)
4(2824 2825 2807 2806)
4(3670 3688 3689 3671)
4(2825 2826 2808 2807)
4(3671 3689 3690 3672)
4(2826 2827 2809 2808)
4(3672 3690 3691 3673)
4(2827 2828 2810 2809)
4(3673 3691 3692 3674)
4(2828 2829 2811 2810)
4(3674 3692 3693 3675)
4(2829 295 294 2811)
4(3675 3693 335 336)
4(386 2794 2776 387)
4(427 428 3694 3676)
4(2794 2795 2777 2776)
4(3676 3694 3695 3677)
4(2795 2796 2778 2777)
4(3677 3695 3696 3678)
4(2796 2797 2779 2778)
4(3678 3696 3697 3679)
4(2797 2798 2780 2779)
4(3679 3697 3698 3680)
4(2798 2799 2781 2780)
4(3680 3698 3699 3681)
4(2799 2800 2782 2781)
4(3681 3699 3700 3682)
4(2800 2801 2783 2782)
4(3682 3700 3701 3683)
4(2801 2802 2784 2783)
4(3683 3701 3702 3684)
4(2802 2803 2785 2784)
4(3684 3702 3703 3685)
4(2803 2804 2786 2785)
4(3685 3703 3704 3686)
4(2804 2805 2787 2786)
4(3686 3704 3705 3687)
4(2805 2806 2788 2787)
4(3687 3705 3706 3688)
4(2806 2807 2789 2788)
4(3688 3706 3707 3689)
4(2807 2808 2790 2789)
4(3689 3707 3708 3690)
4(2808 2809 2791 2790)
4(3690 3708 3709 3691)
4(2809 2810 2792 2791)
4(3691 3709 3710 3692)
4(2810 2811 2793 2792)
4(3692 3710 3711 3693)
4(2811 294 293 2793)
4(3693 3711 334 335)
4(387 2776 2758 388)
4(428 429 3712 3694)
4(2776 2777 2759 2758)
4(3694 3712 3713 3695)
4(2777 2778 2760 2759)
4(3695 3713 3714 3696)
4(2778 2779 2761 2760)
4(3696 3714 3715 3697)
4(2779 2780 2762 2761)
4(3697 3715 3716 3698)
4(2780 2781 2763 2762)
4(3698 3716 3717 3699)
4(2781 2782 2764 2763)
4(3699 3717 3718 3700)
4(2782 2783 2765 2764)
4(3700 3718 3719 3701)
4(2783 2784 2766 2765)
4(3701 3719 3720 3702)
4(2784 2785 2767 2766)
4(3702 3720 3721 3703)
4(2785 2786 2768 2767)
4(3703 3721 3722 3704)
4(2786 2787 2769 2768)
4(3704 3722 3723 3705)
4(2787 2788 2770 2769)
4(3705 3723 3724 3706)
4(2788 2789 2771 2770)
4(3706 3724 3725 3707)
4(2789 2790 2772 2771)
4(3707 3725 3726 3708)
4(2790 2791 2773 2772)
4(3708 3726 3727 3709)
4(2791 2792 2774 2773)
4(3709 3727 3728 3710)
4(2792 2793 2775 2774)
4(3710 3728 3729 3711)
4(2793 293 292 2775)
4(3711 3729 333 334)
4(388 2758 2740 389)
4(429 430 3730 3712)
4(2758 2759 2741 2740)
4(3712 3730 3731 3713)
4(2759 2760 2742 2741)
4(3713 3731 3732 3714)
4(2760 2761 2743 2742)
4(3714 3732 3733 3715)
4(2761 2762 2744 2743)
4(3715 3733 3734 3716)
4(2762 2763 2745 2744)
4(3716 3734 3735 3717)
4(2763 2764 2746 2745)
4(3717 3735 3736 3718)
4(2764 2765 2747 2746)
4(3718 3736 3737 3719)
4(2765 2766 2748 2747)
4(3719 3737 3738 3720)
4(2766 2767 2749 2748)
4(3720 3738 3739 3721)
4(2767 2768 2750 2749)
4(3721 3739 3740 3722)
4(2768 2769 2751 2750)
4(3722 3740 3741 3723)
4(2769 2770 2752 2751)
4(3723 3741 3742 3724)
4(2770 2771 2753 2752)
4(3724 3742 3743 3725)
4(2771 2772 2754 2753)
4(3725 3743 3744 3726)
4(2772 2773 2755 2754)
4(3726 3744 3745 3727)
4(2773 2774 2756 2755)
4(3727 3745 3746 3728)
4(2774 2775 2757 2756)
4(3728 3746 3747 3729)
4(2775 292 291 2757)
4(3729 3747 332 333)
4(389 2740 2722 390)
4(430 431 3748 3730)
4(2740 2741 2723 2722)
4(3730 3748 3749 3731)
4(2741 2742 2724 2723)
4(3731 3749 3750 3732)
4(2742 2743 2725 2724)
4(3732 3750 3751 3733)
4(2743 2744 2726 2725)
4(3733 3751 3752 3734)
4(2744 2745 2727 2726)
4(3734 3752 3753 3735)
4(2745 2746 2728 2727)
4(3735 3753 3754 3736)
4(2746 2747 2729 2728)
4(3736 3754 3755 3737)
4(2747 2748 2730 2729)
4(3737 3755 3756 3738)
4(2748 2749 2731 2730)
4(3738 3756 3757 3739)
4(2749 2750 2732 2731)
4(3739 3757 3758 3740)
4(2750 2751 2733 2732)
4(3740 3758 3759 3741)
4(2751 2752 2734 2733)
4(3741 3759 3760 3742)
4(2752 2753 2735 2734)
4(3742 3760 3761 3743)
4(2753 2754 2736 2735)
4(3743 3761 3762 3744)
4(2754 2755 2737 2736)
4(3744 3762 3763 3745)
4(2755 2756 2738 2737)
4(3745 3763 3764 3746)
4(2756 2757 2739 2738)
4(3746 3764 3765 3747)
4(2757 291 290 2739)
4(3747 3765 331 332)
4(390 2722 2704 391)
4(431 432 3766 3748)
4(2722 2723 2705 2704)
4(3748 3766 3767 3749)
4(2723 2724 2706 2705)
4(3749 3767 3768 3750)
4(2724 2725 2707 2706)
4(3750 3768 3769 3751)
4(2725 2726 2708 2707)
4(3751 3769 3770 3752)
4(2726 2727 2709 2708)
4(3752 3770 3771 3753)
4(2727 2728 2710 2709)
4(3753 3771 3772 3754)
4(2728 2729 2711 2710)
4(3754 3772 3773 3755)
4(2729 2730 2712 2711)
4(3755 3773 3774 3756)
4(2730 2731 2713 2712)
4(3756 3774 3775 3757)
4(2731 2732 2714 2713)
4(3757 3775 3776 3758)
4(2732 2733 2715 2714)
4(3758 3776 3777 3759)
4(2733 2734 2716 2715)
4(3759 3777 3778 3760)
4(2734 2735 2717 2716)
4(3760 3778 3779 3761)
4(2735 2736 2718 2717)
4(3761 3779 3780 3762)
4(2736 2737 2719 2718)
4(3762 3780 3781 3763)
4(2737 2738 2720 2719)
4(3763 3781 3782 3764)
4(2738 2739 2721 2720)
4(3764 3782 3783 3765)
4(2739 290 289 2721)
4(3765 3783 330 331)
4(391 2704 2686 392)
4(432 433 3784 3766)
4(2704 2705 2687 2686)
4(3766 3784 3785 3767)
4(2705 2706 2688 2687)
4(3767 3785 3786 3768)
4(2706 2707 2689 2688)
4(3768 3786 3787 3769)
4(2707 2708 2690 2689)
4(3769 3787 3788 3770)
4(2708 2709 2691 2690)
4(3770 3788 3789 3771)
4(2709 2710 2692 2691)
4(3771 3789 3790 3772)
4(2710 2711 2693 2692)
4(3772 3790 3791 3773)
4(2711 2712 2694 2693)
4(3773 3791 3792 3774)
4(2712 2713 2695 2694)
4(3774 3792 3793 3775)
4(2713 2714 2696 2695)
4(3775 3793 3794 3776)
4(2714 2715 2697 2696)
4(3776 3794 3795 3777)
4(2715 2716 2698 2697)
4(3777 3795 3796 3778)
4(2716 2717 2699 2698)
4(3778 3796 3797 3779)
4(2717 2718 2700 2699)
4(3779 3797 3798 3780)
4(2718 2719 2701 2700)
4(3780 3798 3799 3781)
4(2719 2720 2702 2701)
4(3781 3799 3800 3782)
4(2720 2721 2703 2702)
4(3782 3800 3801 3783)
4(2721 289 288 2703)
4(3783 3801 329 330)
4(392 2686 2668 393)
4(433 434 3802 3784)
4(2686 2687 2669 2668)
4(3784 3802 3803 3785)
4(2687 2688 2670 2669)
4(3785 3803 3804 3786)
4(2688 2689 2671 2670)
4(3786 3804 3805 3787)
4(2689 2690 2672 2671)
4(3787 3805 3806 3788)
4(2690 2691 2673 2672)
4(3788 3806 3807 3789)
4(2691 2692 2674 2673)
4(3789 3807 3808 3790)
4(2692 2693 2675 2674)
4(3790 3808 3809 3791)
4(2693 2694 2676 2675)
4(3791 3809 3810 3792)
4(2694 2695 2677 2676)
4(3792 3810 3811 3793)
4(2695 2696 2678 2677)
4(3793 3811 3812 3794)
4(2696 2697 2679 2678)
4(3794 3812 3813 3795)
4(2697 2698 2680 2679)
4(3795 3813 3814 3796)
4(2698 2699 2681 2680)
4(3796 3814 3815 3797)
4(2699 2700 2682 2681)
4(3797 3815 3816 3798)
4(2700 2701 2683 2682)
4(3798 3816 3817 3799)
4(2701 2702 2684 2683)
4(3799 3817 3818 3800)
4(2702 2703 2685 2684)
4(3800 3818 3819 3801)
4(2703 288 287 2685)
4(3801 3819 328 329)
4(393 2668 2650 394)
4(434 435 3820 3802)
4(2668 2669 2651 2650)
4(3802 3820 3821 3803)
4(2669 2670 2652 2651)
4(3803 3821 3822 3804)
4(2670 2671 2653 2652)
4(3804 3822 3823 3805)
4(2671 2672 2654 2653)
4(3805 3823 3824 3806)
4(2672 2673 2655 2654)
4(3806 3824 3825 3807)
4(2673 2674 2656 2655)
4(3807 3825 3826 3808)
4(2674 2675 2657 2656)
4(3808 3826 3827 3809)
4(2675 2676 2658 2657)
4(3809 3827 3828 3810)
4(2676 2677 2659 2658)
4(3810 3828 3829 3811)
4(2677 2678 2660 2659)
4(3811 3829 3830 3812)
4(2678 2679 2661 2660)
4(3812 3830 3831 3813)
4(2679 2680 2662 2661)
4(3813 3831 3832 3814)
4(2680 2681 2663 2662)
4(3814 3832 3833 3815)
4(2681 2682 2664 2663)
4(3815 3833 3834 3816)
4(2682 2683 2665 2664)
4(3816 3834 3835 3817)
4(2683 2684 2666 2665)
4(3817 3835 3836 3818)
4(2684 2685 2667 2666)
4(3818 3836 3837 3819)
4(2685 287 286 2667)
4(3819 3837 327 328)
4(394 2650 2632 395)
4(435 436 3838 3820)
4(2650 2651 2633 2632)
4(3820 3838 3839 3821)
4(2651 2652 2634 2633)
4(3821 3839 3840 3822)
4(2652 2653 2635 2634)
4(3822 3840 3841 3823)
4(2653 2654 2636 2635)
4(3823 3841 3842 3824)
4(2654 2655 2637 2636)
4(3824 3842 3843 3825)
4(2655 2656 2638 2637)
4(3825 3843 3844 3826)
4(2656 2657 2639 2638)
4(3826 3844 3845 3827)
4(2657 2658 2640 2639)
4(3827 3845 3846 3828)
4(2658 2659 2641 2640)
4(3828 3846 3847 3829)
4(2659 2660 2642 2641)
4(3829 3847 3848 3830)
4(2660 2661 2643 2642)
4(3830 3848 3849 3831)
4(2661 2662 2644 2643)
4(3831 3849 3850 3832)
4(2662 2663 2645 2644)
4(3832 3850 3851 3833)
4(2663 2664 2646 2645)
4(3833 3851 3852 3834)
4(2664 2665 2647 2646)
4(3834 3852 3853 3835)
4(2665 2666 2648 2647)
4(3835 3853 3854 3836)
4(2666 2667 2649 2648)
4(3836 3854 3855 3837)
4(2667 286 285 2649)
4(3837 3855 326 327)
4(395 2632 2614 396)
4(436 437 3856 3838)
4(2632 2633 2615 2614)
4(3838 3856 3857 3839)
4(2633 2634 2616 2615)
4(3839 3857 3858 3840)
4(2634 2635 2617 2616)
4(3840 3858 3859 3841)
4(2635 2636 2618 2617)
4(3841 3859 3860 3842)
4(2636 2637 2619 2618)
4(3842 3860 3861 3843)
4(2637 2638 2620 2619)
4(3843 3861 3862 3844)
4(2638 2639 2621 2620)
4(3844 3862 3863 3845)
4(2639 2640 2622 2621)
4(3845 3863 3864 3846)
4(2640 2641 2623 2622)
4(3846 3864 3865 3847)
4(2641 2642 2624 2623)
4(3847 3865 3866 3848)
4(2642 2643 2625 2624)
4(3848 3866 3867 3849)
4(2643 2644 2626 2625)
4(3849 3867 3868 3850)
4(2644 2645 2627 2626)
4(3850 3868 3869 3851)
4(2645 2646 2628 2627)
4(3851 3869 3870 3852)
4(2646 2647 2629 2628)
4(3852 3870 3871 3853)
4(2647 2648 2630 2629)
4(3853 3871 3872 3854)
4(2648 2649 2631 2630)
4(3854 3872 3873 3855)
4(2649 285 284 2631)
4(3855 3873 325 326)
4(396 2614 2596 397)
4(437 438 3874 3856)
4(2614 2615 2597 2596)
4(3856 3874 3875 3857)
4(2615 2616 2598 2597)
4(3857 3875 3876 3858)
4(2616 2617 2599 2598)
4(3858 3876 3877 3859)
4(2617 2618 2600 2599)
4(3859 3877 3878 3860)
4(2618 2619 2601 2600)
4(3860 3878 3879 3861)
4(2619 2620 2602 2601)
4(3861 3879 3880 3862)
4(2620 2621 2603 2602)
4(3862 3880 3881 3863)
4(2621 2622 2604 2603)
4(3863 3881 3882 3864)
4(2622 2623 2605 2604)
4(3864 3882 3883 3865)
4(2623 2624 2606 2605)
4(3865 3883 3884 3866)
4(2624 2625 2607 2606)
4(3866 3884 3885 3867)
4(2625 2626 2608 2607)
4(3867 3885 3886 3868)
4(2626 2627 2609 2608)
4(3868 3886 3887 3869)
4(2627 2628 2610 2609)
4(3869 3887 3888 3870)
4(2628 2629 2611 2610)
4(3870 3888 3889 3871)
4(2629 2630 2612 2611)
4(3871 3889 3890 3872)
4(2630 2631 2613 2612)
4(3872 3890 3891 3873)
4(2631 284 283 2613)
4(3873 3891 324 325)
4(397 2596 2578 398)
4(438 439 3892 3874)
4(2596 2597 2579 2578)
4(3874 3892 3893 3875)
4(2597 2598 2580 2579)
4(3875 3893 3894 3876)
4(2598 2599 2581 2580)
4(3876 3894 3895 3877)
4(2599 2600 2582 2581)
4(3877 3895 3896 3878)
4(2600 2601 2583 2582)
4(3878 3896 3897 3879)
4(2601 2602 2584 2583)
4(3879 3897 3898 3880)
4(2602 2603 2585 2584)
4(3880 3898 3899 3881)
4(2603 2604 2586 2585)
4(3881 3899 3900 3882)
4(2604 2605 2587 2586)
4(3882 3900 3901 3883)
4(2605 2606 2588 2587)
4(3883 3901 3902 3884)
4(2606 2607 2589 2588)
4(3884 3902 3903 3885)
4(2607 2608 2590 2589)
4(3885 3903 3904 3886)
4(2608 2609 2591 2590)
4(3886 3904 3905 3887)
4(2609 2610 2592 2591)
4(3887 3905 3906 3888)
4(2610 2611 2593 2592)
4(3888 3906 3907 3889)
4(2611 2612 2594 2593)
4(3889 3907 3908 3890)
4(2612 2613 2595 2594)
4(3890 3908 3909 3891)
4(2613 283 282 2595)
4(3891 3909 323 324)
4(398 2578 2560 399)
4(439 440 3910 3892)
4(2578 2579 2561 2560)
4(3892 3910 3911 3893)
4(2579 2580 2562 2561)
4(3893 3911 3912 3894)
4(2580 2581 2563 2562)
4(3894 3912 3913 3895)
4(2581 2582 2564 2563)
4(3895 3913 3914 3896)
4(2582 2583 2565 2564)
4(3896 3914 3915 3897)
4(2583 2584 2566 2565)
4(3897 3915 3916 3898)
4(2584 2585 2567 2566)
4(3898 3916 3917 3899)
4(2585 2586 2568 2567)
4(3899 3917 3918 3900)
4(2586 2587 2569 2568)
4(3900 3918 3919 3901)
4(2587 2588 2570 2569)
4(3901 3919 3920 3902)
4(2588 2589 2571 2570)
4(3902 3920 3921 3903)
4(2589 2590 2572 2571)
4(3903 3921 3922 3904)
4(2590 2591 2573 2572)
4(3904 3922 3923 3905)
4(2591 2592 2574 2573)
4(3905 3923 3924 3906)
4(2592 2593 2575 2574)
4(3906 3924 3925 3907)
4(2593 2594 2576 2575)
4(3907 3925 3926 3908)
4(2594 2595 2577 2576)
4(3908 3926 3927 3909)
4(2595 282 281 2577)
4(3909 3927 322 323)
4(399 2560 2542 400)
4(440 441 3928 3910)
4(2560 2561 2543 2542)
4(3910 3928 3929 3911)
4(2561 2562 2544 2543)
4(3911 3929 3930 3912)
4(2562 2563 2545 2544)
4(3912 3930 3931 3913)
4(2563 2564 2546 2545)
4(3913 3931 3932 3914)
4(2564 2565 2547 2546)
4(3914 3932 3933 3915)
4(2565 2566 2548 2547)
4(3915 3933 3934 3916)
4(2566 2567 2549 2548)
4(3916 3934 3935 3917)
4(2567 2568 2550 2549)
4(3917 3935 3936 3918)
4(2568 2569 2551 2550)
4(3918 3936 3937 3919)
4(2569 2570 2552 2551)
4(3919 3937 3938 3920)
4(2570 2571 2553 2552)
4(3920 3938 3939 3921)
4(2571 2572 2554 2553)
4(3921 3939 3940 3922)
4(2572 2573 2555 2554)
4(3922 3940 3941 3923)
4(2573 2574 2556 2555)
4(3923 3941 3942 3924)
4(2574 2575 2557 2556)
4(3924 3942 3943 3925)
4(2575 2576 2558 2557)
4(3925 3943 3944 3926)
4(2576 2577 2559 2558)
4(3926 3944 3945 3927)
4(2577 281 280 2559)
4(3927 3945 321 322)
4(400 2542 2524 401)
4(441 442 3946 3928)
4(2542 2543 2525 2524)
4(3928 3946 3947 3929)
4(2543 2544 2526 2525)
4(3929 3947 3948 3930)
4(2544 2545 2527 2526)
4(3930 3948 3949 3931)
4(2545 2546 2528 2527)
4(3931 3949 3950 3932)
4(2546 2547 2529 2528)
4(3932 3950 3951 3933)
4(2547 2548 2530 2529)
4(3933 3951 3952 3934)
4(2548 2549 2531 2530)
4(3934 3952 3953 3935)
4(2549 2550 2532 2531)
4(3935 3953 3954 3936)
4(2550 2551 2533 2532)
4(3936 3954 3955 3937)
4(2551 2552 2534 2533)
4(3937 3955 3956 3938)
4(2552 2553 2535 2534)
4(3938 3956 3957 3939)
4(2553 2554 2536 2535)
4(3939 3957 3958 3940)
4(2554 2555 2537 2536)
4(3940 3958 3959 3941)
4(2555 2556 2538 2537)
4(3941 3959 3960 3942)
4(2556 2557 2539 2538)
4(3942 3960 3961 3943)
4(2557 2558 2540 2539)
4(3943 3961 3962 3944)
4(2558 2559 2541 2540)
4(3944 3962 3963 3945)
4(2559 280 279 2541)
4(3945 3963 320 321)
4(401 2524 2506 402)
4(442 443 3964 3946)
4(2524 2525 2507 2506)
4(3946 3964 3965 3947)
4(2525 2526 2508 2507)
4(3947 3965 3966 3948)
4(2526 2527 2509 2508)
4(3948 3966 3967 3949)
4(2527 2528 2510 2509)
4(3949 3967 3968 3950)
4(2528 2529 2511 2510)
4(3950 3968 3969 3951)
4(2529 2530 2512 2511)
4(3951 3969 3970 3952)
4(2530 2531 2513 2512)
4(3952 3970 3971 3953)
4(2531 2532 2514 2513)
4(3953 3971 3972 3954)
4(2532 2533 2515 2514)
4(3954 3972 3973 3955)
4(2533 2534 2516 2515)
4(3955 3973 3974 3956)
4(2534 2535 2517 2516)
4(3956 3974 3975 3957)
4(2535 2536 2518 2517)
4(3957 3975 3976 3958)
4(2536 2537 2519 2518)
4(3958 3976 3977 3959)
4(2537 2538 2520 2519)
4(3959 3977 3978 3960)
4(2538 2539 2521 2520)
4(3960 3978 3979 3961)
4(2539 2540 2522 2521)
4(3961 3979 3980 3962)
4(2540 2541 2523 2522)
4(3962 3980 3981 3963)
4(2541 279 278 2523)
4(3963 3981 319 320)
4(402 2506 444 14)
4(443 15 462 3964)
4(2506 2507 445 444)
4(3964 462 463 3965)
4(2507 2508 446 445)
4(3965 463 464 3966)
4(2508 2509 447 446)
4(3966 464 465 3967)
4(2509 2510 448 447)
4(3967 465 466 3968)
4(2510 2511 449 448)
4(3968 466 467 3969)
4(2511 2512 450 449)
4(3969 467 468 3970)
4(2512 2513 451 450)
4(3970 468 469 3971)
4(2513 2514 452 451)
4(3971 469 470 3972)
4(2514 2515 453 452)
4(3972 470 471 3973)
4(2515 2516 454 453)
4(3973 471 472 3974)
4(2516 2517 455 454)
4(3974 472 473 3975)
4(2517 2518 456 455)
4(3975 473 474 3976)
4(2518 2519 457 456)
4(3976 474 475 3977)
4(2519 2520 458 457)
4(3977 475 476 3978)
4(2520 2521 459 458)
4(3978 476 477 3979)
4(2521 2522 460 459)
4(3979 477 478 3980)
4(2522 2523 461 460)
4(3980 478 479 3981)
4(2523 278 10 461)
4(3981 479 11 319)
4(16 568 4045 516)
4(17 538 4048 571)
4(568 567 4046 4045)
4(571 4048 4049 570)
4(567 566 4047 4046)
4(570 4049 4050 569)
4(566 4 150 4047)
4(569 4050 172 5)
4(516 4045 4042 517)
4(538 539 4051 4048)
4(4045 4046 4043 4042)
4(4048 4051 4052 4049)
4(4046 4047 4044 4043)
4(4049 4052 4053 4050)
4(4047 150 151 4044)
4(4050 4053 173 172)
4(517 4042 4039 518)
4(539 540 4054 4051)
4(4042 4043 4040 4039)
4(4051 4054 4055 4052)
4(4043 4044 4041 4040)
4(4052 4055 4056 4053)
4(4044 151 152 4041)
4(4053 4056 174 173)
4(518 4039 4036 519)
4(540 541 4057 4054)
4(4039 4040 4037 4036)
4(4054 4057 4058 4055)
4(4040 4041 4038 4037)
4(4055 4058 4059 4056)
4(4041 152 153 4038)
4(4056 4059 175 174)
4(519 4036 4033 520)
4(541 542 4060 4057)
4(4036 4037 4034 4033)
4(4057 4060 4061 4058)
4(4037 4038 4035 4034)
4(4058 4061 4062 4059)
4(4038 153 154 4035)
4(4059 4062 176 175)
4(520 4033 4030 521)
4(542 543 4063 4060)
4(4033 4034 4031 4030)
4(4060 4063 4064 4061)
4(4034 4035 4032 4031)
4(4061 4064 4065 4062)
4(4035 154 155 4032)
4(4062 4065 177 176)
4(521 4030 4027 522)
4(543 544 4066 4063)
4(4030 4031 4028 4027)
4(4063 4066 4067 4064)
4(4031 4032 4029 4028)
4(4064 4067 4068 4065)
4(4032 155 156 4029)
4(4065 4068 178 177)
4(522 4027 4024 523)
4(544 545 4069 4066)
4(4027 4028 4025 4024)
4(4066 4069 4070 4067)
4(4028 4029 4026 4025)
4(4067 4070 4071 4068)
4(4029 156 157 4026)
4(4068 4071 179 178)
4(523 4024 4021 524)
4(545 546 4072 4069)
4(4024 4025 4022 4021)
4(4069 4072 4073 4070)
4(4025 4026 4023 4022)
4(4070 4073 4074 4071)
4(4026 157 158 4023)
4(4071 4074 180 179)
4(524 4021 4018 525)
4(546 547 4075 4072)
4(4021 4022 4019 4018)
4(4072 4075 4076 4073)
4(4022 4023 4020 4019)
4(4073 4076 4077 4074)
4(4023 158 159 4020)
4(4074 4077 181 180)
4(525 4018 4015 526)
4(547 548 4078 4075)
4(4018 4019 4016 4015)
4(4075 4078 4079 4076)
4(4019 4020 4017 4016)
4(4076 4079 4080 4077)
4(4020 159 160 4017)
4(4077 4080 182 181)
4(526 4015 4012 527)
4(548 549 4081 4078)
4(4015 4016 4013 4012)
4(4078 4081 4082 4079)
4(4016 4017 4014 4013)
4(4079 4082 4083 4080)
4(4017 160 161 4014)
4(4080 4083 183 182)
4(527 4012 4009 528)
4(549 550 4084 4081)
4(4012 4013 4010 4009)
4(4081 4084 4085 4082)
4(4013 4014 4011 4010)
4(4082 4085 4086 4083)
4(4014 161 162 4011)
4(4083 4086 184 183)
4(528 4009 4006 529)
4(550 551 4087 4084)
4(4009 4010 4007 4006)
4(4084 4087 4088 4085)
4(4010 4011 4008 4007)
4(4085 4088 4089 4086)
4(4011 162 163 4008)
4(4086 4089 185 184)
4(529 4006 4003 530)
4(551 552 4090 4087)
4(4006 4007 4004 4003)
4(4087 4090 4091 4088)
4(4007 4008 4005 4004)
4(4088 4091 4092 4089)
4(4008 163 164 4005)
4(4089 4092 186 185)
4(530 4003 4000 531)
4(552 553 4093 4090)
4(4003 4004 4001 4000)
4(4090 4093 4094 4091)
4(4004 4005 4002 4001)
4(4091 4094 4095 4092)
4(4005 164 165 4002)
4(4092 4095 187 186)
4(531 4000 3997 532)
4(553 554 4096 4093)
4(4000 4001 3998 3997)
4(4093 4096 4097 4094)
4(4001 4002 3999 3998)
4(4094 4097 4098 4095)
4(4002 165 166 3999)
4(4095 4098 188 187)
4(532 3997 3994 533)
4(554 555 4099 4096)
4(3997 3998 3995 3994)
4(4096 4099 4100 4097)
4(3998 3999 3996 3995)
4(4097 4100 4101 4098)
4(3999 166 167 3996)
4(4098 4101 189 188)
4(533 3994 3991 534)
4(555 556 4102 4099)
4(3994 3995 3992 3991)
4(4099 4102 4103 4100)
4(3995 3996 3993 3992)
4(4100 4103 4104 4101)
4(3996 167 168 3993)
4(4101 4104 190 189)
4(534 3991 3988 535)
4(556 557 4105 4102)
4(3991 3992 3989 3988)
4(4102 4105 4106 4103)
4(3992 3993 3990 3989)
4(4103 4106 4107 4104)
4(3993 168 169 3990)
4(4104 4107 191 190)
4(535 3988 3985 536)
4(557 558 4108 4105)
4(3988 3989 3986 3985)
4(4105 4108 4109 4106)
4(3989 3990 3987 3986)
4(4106 4109 4110 4107)
4(3990 169 170 3987)
4(4107 4110 192 191)
4(536 3985 3982 537)
4(558 559 4111 4108)
4(3985 3986 3983 3982)
4(4108 4111 4112 4109)
4(3986 3987 3984 3983)
4(4109 4112 4113 4110)
4(3987 170 171 3984)
4(4110 4113 193 192)
4(537 3982 560 18)
4(559 19 563 4111)
4(3982 3983 561 560)
4(4111 563 564 4112)
4(3983 3984 562 561)
4(4112 564 565 4113)
4(3984 171 6 562)
4(4113 565 7 193)
4(8 480 4150 572)
4(9 575 4168 498)
4(480 481 4151 4150)
4(498 4168 4169 499)
4(481 482 4152 4151)
4(499 4169 4170 500)
4(482 483 4153 4152)
4(500 4170 4171 501)
4(483 484 4154 4153)
4(501 4171 4172 502)
4(484 485 4155 4154)
4(502 4172 4173 503)
4(485 486 4156 4155)
4(503 4173 4174 504)
4(486 487 4157 4156)
4(504 4174 4175 505)
4(487 488 4158 4157)
4(505 4175 4176 506)
4(488 489 4159 4158)
4(506 4176 4177 507)
4(489 490 4160 4159)
4(507 4177 4178 508)
4(490 491 4161 4160)
4(508 4178 4179 509)
4(491 492 4162 4161)
4(509 4179 4180 510)
4(492 493 4163 4162)
4(510 4180 4181 511)
4(493 494 4164 4163)
4(511 4181 4182 512)
4(494 495 4165 4164)
4(512 4182 4183 513)
4(495 496 4166 4165)
4(513 4183 4184 514)
4(496 497 4167 4166)
4(514 4184 4185 515)
4(497 12 616 4167)
4(515 4185 619 13)
4(572 4150 4132 573)
4(575 576 4186 4168)
4(4150 4151 4133 4132)
4(4168 4186 4187 4169)
4(4151 4152 4134 4133)
4(4169 4187 4188 4170)
4(4152 4153 4135 4134)
4(4170 4188 4189 4171)
4(4153 4154 4136 4135)
4(4171 4189 4190 4172)
4(4154 4155 4137 4136)
4(4172 4190 4191 4173)
4(4155 4156 4138 4137)
4(4173 4191 4192 4174)
4(4156 4157 4139 4138)
4(4174 4192 4193 4175)
4(4157 4158 4140 4139)
4(4175 4193 4194 4176)
4(4158 4159 4141 4140)
4(4176 4194 4195 4177)
4(4159 4160 4142 4141)
4(4177 4195 4196 4178)
4(4160 4161 4143 4142)
4(4178 4196 4197 4179)
4(4161 4162 4144 4143)
4(4179 4197 4198 4180)
4(4162 4163 4145 4144)
4(4180 4198 4199 4181)
4(4163 4164 4146 4145)
4(4181 4199 4200 4182)
4(4164 4165 4147 4146)
4(4182 4200 4201 4183)
4(4165 4166 4148 4147)
4(4183 4201 4202 4184)
4(4166 4167 4149 4148)
4(4184 4202 4203 4185)
4(4167 616 615 4149)
4(4185 4203 618 619)
4(573 4132 4114 574)
4(576 577 4204 4186)
4(4132 4133 4115 4114)
4(4186 4204 4205 4187)
4(4133 4134 4116 4115)
4(4187 4205 4206 4188)
4(4134 4135 4117 4116)
4(4188 4206 4207 4189)
4(4135 4136 4118 4117)
4(4189 4207 4208 4190)
4(4136 4137 4119 4118)
4(4190 4208 4209 4191)
4(4137 4138 4120 4119)
4(4191 4209 4210 4192)
4(4138 4139 4121 4120)
4(4192 4210 4211 4193)
4(4139 4140 4122 4121)
4(4193 4211 4212 4194)
4(4140 4141 4123 4122)
4(4194 4212 4213 4195)
4(4141 4142 4124 4123)
4(4195 4213 4214 4196)
4(4142 4143 4125 4124)
4(4196 4214 4215 4197)
4(4143 4144 4126 4125)
4(4197 4215 4216 4198)
4(4144 4145 4127 4126)
4(4198 4216 4217 4199)
4(4145 4146 4128 4127)
4(4199 4217 4218 4200)
4(4146 4147 4129 4128)
4(4200 4218 4219 4201)
4(4147 4148 4130 4129)
4(4201 4219 4220 4202)
4(4148 4149 4131 4130)
4(4202 4220 4221 4203)
4(4149 615 614 4131)
4(4203 4221 617 618)
4(574 4114 578 20)
4(577 21 596 4204)
4(4114 4115 579 578)
4(4204 596 597 4205)
4(4115 4116 580 579)
4(4205 597 598 4206)
4(4116 4117 581 580)
4(4206 598 599 4207)
4(4117 4118 582 581)
4(4207 599 600 4208)
4(4118 4119 583 582)
4(4208 600 601 4209)
4(4119 4120 584 583)
4(4209 601 602 4210)
4(4120 4121 585 584)
4(4210 602 603 4211)
4(4121 4122 586 585)
4(4211 603 604 4212)
4(4122 4123 587 586)
4(4212 604 605 4213)
4(4123 4124 588 587)
4(4213 605 606 4214)
4(4124 4125 589 588)
4(4214 606 607 4215)
4(4125 4126 590 589)
4(4215 607 608 4216)
4(4126 4127 591 590)
4(4216 608 609 4217)
4(4127 4128 592 591)
4(4217 609 610 4218)
4(4128 4129 593 592)
4(4218 610 611 4219)
4(4129 4130 594 593)
4(4219 611 612 4220)
4(4130 4131 595 594)
4(4220 612 613 4221)
4(4131 614 22 595)
4(4221 613 23 617)
)


// ************************************************************************* //
